 ClI,1000.115,0.000000773,35,3430,,,,
 ArVI*,1000.17,0.000000001,40,100000000,,,,
 ClI,1000.2786,0.000887,35,11800000,,,,
 HDLP4V10,1000.486,0.00993,3,877000000,,,,
 HDLP8V12,1000.68,0.00875,3,720000000,,,,
 H2LR8V11,1000.828,0.00205,2,1030000000,,,,
 HDLR7V11,1001.08,0.0114,3,744000000,,,,
 H2WP6V01,1001.218,0.0267,2,1120000000,,,,
 ClI*,1001.4491,0.00234,35,15600000,,,,
 CrIIIer,1001.533,0.00113,52,6160000,,,,
 NiII,1001.561,0.00000667,59,33200,,,,
 H2LP4V09,1001.658,0.00871,2,1120000000,,,,
 ClI*,1001.7844,0.000288,35,956000,,,,
 HDLR5V10,1001.791,0.0123,3,855000000,,,,
 H2WR8V01,1001.796,0.0241,2,1090000000,,,,
 H2LR0V08,1001.827,0.0267,2,1180000000,,,,
 HDLR0V09,1001.892,0.0236,3,1040000000,,,,
 H2LP6V10,1001.91,0.000252,2,1090000000,,,,
 FeII,1001.9197,0.000000001,56,100000000,,,,
 V III,1001.958,0.0000753,51,334000,,,,
 V III*,1002.047,0.000304,51,1510000,,,,
 H2WQ7V01,1002.265,0.0367,2,1140000000,,,,
 ClI,1002.3464,0.0705,35,312000000,,,,
 CO0_33R9,1002.356,0.00418,28,3.33E+11,,,,
 HDLR1V09,1002.36,0.0158,3,1020000000,,,,
 CO0_33R8,1002.363,0.0042,28,3.33E+11,,,,
 CO0_33R7,1002.375,0.00423,28,3.33E+11,,,,
 CO0_33R6,1002.391,0.00427,28,3.33E+11,,,,
 CO0_33R5,1002.41,0.00433,28,3.33E+11,,,,
 CO0_33R4,1002.433,0.00441,28,3.33E+11,,,,
 FeII,1002.4347,0.00000153,56,10200,,,,
 H2LR1V08,1002.455,0.0182,2,1180000000,,,,
 CO0_33R3,1002.459,0.00454,28,3.33E+11,,,,
 CO0_33R2,1002.488,0.00476,28,3.33E+11,,,,
 CO0_33R1,1002.519,0.00529,28,3.33E+11,,,,
 CO0_33R0,1002.553,0.00794,28,3.33E+11,,,,
 CrIII***,1002.565,0.000313,52,1610000,,,,
 HDWR9V01,1002.565,0.00818,3,303000000,,,,
 CO0_33P1,1002.6281,0.00264,28,3.33E+11,,,,
 CO0_33P2,1002.669,0.00317,28,3.33E+11,,,,
 CO0_33P3,1002.713,0.0034,28,3.33E+11,,,,
 CO1_33R7,1002.723,0.0039,29,3.33E+11,,,,
 CO1_33R8,1002.724,0.00387,29,3.33E+11,,,,
 CO1_33R6,1002.727,0.00393,29,3.33E+11,,,,
 CO1_33R9,1002.729,0.00384,29,3.33E+11,,,,
 CO1_33R5,1002.734,0.00398,29,3.33E+11,,,,
 CO1_33R4,1002.746,0.00406,29,3.33E+11,,,,
 CO0_33P4,1002.7581,0.00353,28,3.33E+11,,,,
 CO1_33R3,1002.763,0.00417,29,3.33E+11,,,,
 CO1_33R2,1002.783,0.00438,29,3.33E+11,,,,
 CO0_33P5,1002.807,0.00361,28,3.33E+11,,,,
 CO1_33R1,1002.808,0.00487,29,3.33E+11,,,,
 CO1_33R0,1002.836,0.0073,29,3.33E+11,,,,
 CO0_33P6,1002.858,0.00366,28,3.33E+11,,,,
 HDWP9V01,1002.86,0.00651,3,578000000,,,,
 ClI,1002.8953,0.00315,35,41700000,,,,
 CO1_33P1,1002.906,0.00243,29,3.33E+11,,,,
 CO0_33P7,1002.913,0.0037,28,3.33E+11,,,,
 CO1_33P2,1002.947,0.00292,29,3.33E+11,,,,
 CO0_33P8,1002.97,0.00373,28,3.33E+11,,,,
 CO1_33P3,1002.993,0.00313,29,3.33E+11,,,,
 HDLP1V09,1003.003,0.00791,3,1120000000,,,,
 CO0_33P9,1003.032,0.00376,28,3.33E+11,,,,
 HDLR9V12,1003.037,0.0107,3,698000000,,,,
 CO1_33P4,1003.042,0.00325,29,3.33E+11,,,,
 CO1_33P5,1003.095,0.00332,29,3.33E+11,,,,
 CO1_33P6,1003.153,0.00337,29,3.33E+11,,,,
 ClI,1003.1913,0.0114,35,75700000,,,,
 CO1_33P7,1003.215,0.00341,29,3.33E+11,,,,
 CO1_33P8,1003.281,0.00344,29,3.33E+11,,,,
 H2LP1V08,1003.3,0.00846,2,1180000000,,,,
 CO1_33P9,1003.352,0.00346,29,3.33E+11,,,,
 N I,1003.3722,4.89E-08,14,324,,,,
 N I,1003.3771,0.00000034,14,1500,,,,
 H2LP9V12,1003.387,0.00474,2,951000000,,,,
 V III*,1003.421,0.000771,51,5110000,,,,
 CrIII**,1003.427,0.0000656,52,311000,,,,
 H2LR5V09,1003.43,0.0164,2,1100000000,,,,
 FeII,1003.4799,0.00000463,56,30700,,,,
 HDLR2V09,1003.507,0.0142,3,998000000,,,,
 P III*,1003.5999,0.111,31,2220000000,,,,
 FeII,1003.6581,0.000000217,56,1790,,,,
 ClI*,1003.8093,0.00416,35,13800000,,,,
 H2LR2V08,1003.988,0.0166,2,1170000000,,,,
 HDLP7V11,1004.018,0.00969,3,822000000,,,,
 V III**,1004.019,0.00442,51,29300000,,,,
 HDLP5V10,1004.026,0.0102,3,871000000,,,,
 H2LR7V10,1004.194,0.017,2,1040000000,,,,
 HDLP2V09,1004.58,0.00953,3,1040000000,,,,
 ClI,1004.6776,0.158,35,2080000000,,,,
 CrIIIer,1004.777,0.00013,52,859000,,,,
 V III,1004.939,0.00074,51,4880000,,,,
 H2LP8V11,1005.088,0.00782,2,1000000000,,,,
 CrIII***,1005.175,0.0000417,52,275000,,,,
 ClIII,1005.278,0.00721,35,95200000,,,,
 HDLR3V09,1005.329,0.0135,3,976000000,,,,
 H2LP2V08,1005.397,0.00991,2,1180000000,,,,
 V III**,1005.398,0.00191,51,16800000,,,,
 HDLR6V10,1005.572,0.0123,3,838000000,,,,
 V III,1005.631,0.000574,51,2520000,,,,
 H2WP7V01,1005.808,0.0241,2,1150000000,,,,
 NiII,1005.848,0.000116,59,575000,,,,
 H2WR9V01,1005.85,0.00771,2,1130000000,,,,
 ClI,1005.9562,0.0025,35,33000000,,,,
 HDLR8V11,1006.029,0.0115,3,785000000,,,,
 NeVI*,1006.1,0.000000425,20,3100,,,,
 H2LP5V09,1006.345,0.00866,2,1110000000,,,,
 ClI*,1006.3956,0.0251,35,82500000,,,,
 V III*,1006.411,0.00108,51,10700000,,,,
 H2LR3V08,1006.417,0.0157,2,1170000000,,,,
 V III***,1006.468,0.0307,51,253000000,,,,
 ClI,1006.4952,0.0154,35,101000000,,,,
 HDLP9V12,1006.566,0.00895,3,704000000,,,,
 H2WQ8V01,1006.683,0.0368,2,1140000000,,,,
 ClI*,1006.8128,0.000000001,35,100000000,,,,
 HDLP3V09,1006.83,0.0103,3,1020000000,,,,
 V III*,1007.104,0.00696,51,45800000,,,,
 ClI*,1007.1647,0.0301,35,99100000,,,,
 HDWR1V00,1007.251,0.0084,3,592000000,,,,
 HDWR0V00,1007.283,0.017,3,592000000,,,,
 ClI,1007.3626,0.0109,35,47800000,,,,
 CrIIIer,1007.398,0.00000306,52,25900,,,,
 HDWR2V00,1007.65,0.00662,3,592000000,,,,
 HDLR4V09,1007.822,0.0132,3,930000000,,,,
 H2LP7V10,1007.986,0.00381,2,1050000000,,,,
 HDWQ1V00,1008.199,0.0089,3,590000000,,,,
 HDLP6V10,1008.2,0.0105,3,852000000,,,,
 V III,1008.253,0.00822,51,53900000,,,,
 ClI*,1008.3859,0.00138,35,4520000,,,,
 H2LP3V08,1008.39,0.0104,2,1180000000,,,,
 H2LR6V09,1008.43,0.0163,2,1100000000,,,,
 H2LR9V11,1008.45,0.0191,2,977000000,,,,
 HDWR3V00,1008.489,0.00583,3,592000000,,,,
 H2WR1V00,1008.504,0.0206,2,1180000000,,,,
 H2WR0V00,1008.558,0.044,2,1180000000,,,,
 ClIII,1008.767,0.0144,35,94200000,,,,
 H2WR2V00,1009.03,0.0157,2,1180000000,,,,
 HDWQ2V00,1009.08,0.00904,3,589000000,,,,
 V III**,1009.096,0.025,51,218000000,,,,
 ClI*,1009.1857,0.00346,35,22700000,,,,
 V III,1009.354,0.0221,51,290000000,,,,
 HDLP8V11,1009.367,0.0099,3,804000000,,,,
 H2LR4V08,1009.721,0.0141,2,1160000000,,,,
 V III*,1009.734,0.0226,51,222000000,,,,
 HDLP4V09,1009.76,0.0107,3,998000000,,,,
 HDWR4V00,1009.76,0.00537,3,591000000,,,,
 H2WQ1V00,1009.777,0.0238,2,1180000000,,,,
 HDLR7V10,1009.925,0.0123,3,823000000,,,,
 HDWP2V00,1010.005,0.00173,3,592000000,,,,
 H2WR3V00,1010.135,0.0139,2,1180000000,,,,
 HDWQ8V01,1010.31,0.0167,3,568000000,,,,
 HDWQ3V00,1010.389,0.00917,3,587000000,,,,
 NeVI*,1010.6,0.00000085,20,23800,,,,
 H2WP8V01,1010.715,0.0228,2,1150000000,,,,
 CO0_34R8,1010.758,0.000013,28,1000000000,,,,
 H2LR8V10,1010.759,0.0167,2,1030000000,,,,
 CO0_34R7,1010.759,0.0000133,28,1000000000,,,,
 CO0_34R9,1010.762,0.0000128,28,1000000000,,,,
 CO0_34R6,1010.764,0.0000136,28,1000000000,,,,
 CO0_34R5,1010.773,0.0000141,28,1000000000,,,,
 CO0_34R4,1010.787,0.0000147,28,1000000000,,,,
 CO0_34R3,1010.806,0.0000158,28,1000000000,,,,
 CO0_34R2,1010.828,0.0000177,28,1000000000,,,,
 CO0_34R1,1010.855,0.0000221,28,1000000000,,,,
 CO0_34R0,1010.886,0.0000442,28,1000000000,,,,
 CO0_34Q1,1010.925,0.0000221,28,1000000000,,,,
 CO0_34Q2,1010.933,0.0000221,28,1000000000,,,,
 HDLR5V09,1010.938,0.013,3,921000000,,,,
 H2WQ2V00,1010.945,0.0238,2,1180000000,,,,
 CO0_34Q3,1010.946,0.0000221,28,1000000000,,,,
 CO0_34Q4,1010.963,0.0000221,28,1000000000,,,,
 CO0_34Q5,1010.9839,0.0000221,28,1000000000,,,,
 CO0_34P2,1011.004,0.00000442,28,1000000000,,,,
 CO0_34Q6,1011.009,0.0000221,28,1000000000,,,,
 CO0_34Q7,1011.0389,0.0000221,28,1000000000,,,,
 CO0_34P3,1011.051,0.00000632,28,1000000000,,,,
 CO0_34Q8,1011.073,0.0000221,28,1000000000,,,,
 CO0_34P4,1011.103,0.00000737,28,1000000000,,,,
 CO0_34Q9,1011.111,0.0000221,28,1000000000,,,,
 FeII,1011.136,0.000000158,56,1290,,,,
 CO0_34P5,1011.159,0.00000804,28,1000000000,,,,
 CO0_34P6,1011.219,0.0000085,28,1000000000,,,,
 CO0_34P7,1011.2841,0.00000884,28,1000000000,,,,
 CO0_34P8,1011.353,0.0000091,28,1000000000,,,,
 HDWR5V00,1011.376,0.00506,3,590000000,,,,
 CO0_34P9,1011.426,0.00000931,28,1000000000,,,,
 HDLR0V08,1011.457,0.0245,3,1120000000,,,,
 HDLR9V11,1011.518,0.0116,3,737000000,,,,
 H2WQ9V01,1011.571,0.0368,2,1140000000,,,,
 CO1_34R9,1011.598,0.0000128,29,1000000000,,,,
 CO1_34R8,1011.601,0.000013,29,1000000000,,,,
 CO1_34R7,1011.608,0.0000132,29,1000000000,,,,
 CO1_34R6,1011.618,0.0000136,29,1000000000,,,,
 CO1_34R5,1011.632,0.000014,29,1000000000,,,,
 CO1_34R4,1011.649,0.0000147,29,1000000000,,,,
 CO1_34R3,1011.67,0.0000158,29,1000000000,,,,
 CO1_34R2,1011.694,0.0000177,29,1000000000,,,,
 CO1_34R1,1011.7209,0.0000221,29,1000000000,,,,
 CO1_34R0,1011.752,0.0000442,29,1000000000,,,,
 HDWP3V00,1011.777,0.00247,3,592000000,,,,
 CO1_34Q1,1011.79,0.0000221,29,1000000000,,,,
 CO1_34Q2,1011.796,0.0000221,29,1000000000,,,,
 CO1_34Q3,1011.807,0.0000221,29,1000000000,,,,
 H2WR4V00,1011.818,0.0141,2,1170000000,,,,
 CO1_34Q4,1011.82,0.0000221,29,1000000000,,,,
 CO1_34Q5,1011.837,0.0000221,29,1000000000,,,,
 ClI*,1011.8492,0.0126,35,81800000,,,,
 CO1_34Q6,1011.858,0.0000221,29,1000000000,,,,
 CO1_34P2,1011.865,0.00000442,29,1000000000,,,,
 H2LP6V09,1011.872,0.00869,2,1110000000,,,,
 CO1_34Q7,1011.882,0.0000221,29,1000000000,,,,
 CO1_34P3,1011.9091,0.00000631,29,1000000000,,,,
 CO1_34Q8,1011.9091,0.0000221,29,1000000000,,,,
 HDLR1V08,1011.924,0.0163,3,1100000000,,,,
 CO1_34Q9,1011.94,0.0000221,29,1000000000,,,,
 CO1_34P4,1011.957,0.00000736,29,1000000000,,,,
 CO1_34P5,1012.008,0.00000803,29,1000000000,,,,
 CO1_34P6,1012.063,0.00000849,29,1000000000,,,,
 HDWQ4V00,1012.119,0.0093,3,585000000,,,,
 CO1_34P7,1012.121,0.00000883,29,1000000000,,,,
 ClI*,1012.1505,0.0346,35,113000000,,,,
 H2WP2V00,1012.176,0.00548,2,1180000000,,,,
 CO1_34P8,1012.183,0.00000909,29,1000000000,,,,
 CO1_34P9,1012.248,0.00000929,29,1000000000,,,,
 H2LP4V08,1012.266,0.0108,2,1170000000,,,,
 S III,1012.495,0.0443,32,284000000,,,,
 HDLP1V08,1012.59,0.00823,3,1180000000,,,,
 ArVI*,1012.68,0.000000001,40,100000000,,,,
 H2WQ3V00,1012.686,0.0238,2,1180000000,,,,
 H2LP9V11,1012.8,0.00961,2,997000000,,,,
 H2LR0V07,1012.817,0.0297,2,1240000000,,,,
 HDLP7V10,1013.003,0.0107,3,855000000,,,,
 HDLR2V08,1013.074,0.0146,3,1090000000,,,,
 HDLP5V09,1013.33,0.011,3,976000000,,,,
 V III*,1013.38,0.0000151,51,73500,,,,
 H2LR1V07,1013.441,0.0204,2,1230000000,,,,
 HDWR6V00,1013.509,0.00483,3,589000000,,,,
 ClI*,1013.6635,0.151,35,980000000,,,,
 H2LR5V08,1013.714,0.00115,2,1170000000,,,,
 ClVI,1013.87,0.000179,35,388000,,,,
 HDWP4V00,1013.945,0.00288,3,592000000,,,,
 HDLP2V08,1014.198,0.00993,3,1120000000,,,,
 FeII,1014.2332,0.000216,56,1400000,,,,
 H2WR5V00,1014.241,0.0261,2,1160000000,,,,
 H2LR7V09,1014.251,0.016,2,1090000000,,,,
 HDWQ5V00,1014.279,0.00944,3,583000000,,,,
 H2LP1V07,1014.332,0.00898,2,1240000000,,,,
 H2WP3V00,1014.511,0.00822,2,1180000000,,,,
 CoIII,1014.751,0.000133,59,1080000,,,,
 HDWQ9V01,1014.774,0.0169,3,566000000,,,,
 HDLR6V09,1014.817,0.0129,3,871000000,,,,
 FeII,1014.8591,0.0000269,56,217000,,,,
 HDLR3V08,1014.908,0.0139,3,1080000000,,,,
 HDLR8V10,1014.932,0.0123,3,829000000,,,,
 ClI*,1014.9651,0.00774,35,50100000,,,,
 H2LR2V07,1014.98,0.0189,2,1230000000,,,,
 H2WQ4V00,1014.989,0.0238,2,1180000000,,,,
 H2LP8V10,1015.02,0.00548,2,1050000000,,,,
 ClIII,1015.025,0.0214,35,92500000,,,,
 HDLP9V11,1015.311,0.0101,3,744000000,,,,
 V III**,1015.397,0.000301,51,1940000,,,,
 S III*,1015.502,0.0147,32,285000000,,,,
 ClI*,1015.5138,0.0315,35,102000000,,,,
 S III*,1015.567,0.011,32,284000000,,,,
 S III*,1015.779,0.0184,32,282000000,,,,
 HDWR7V00,1015.88,0.00465,3,587000000,,,,
 H2WP9V01,1016.078,0.0212,2,1140000000,,,,
 V III,1016.266,0.0000121,51,156000,,,,
 FeII,1016.3497,0.000017,56,137000,,,,
 ClI,1016.3558,0.000643,35,8300000,,,,
 V III,1016.43,0.0000048,51,20600,,,,
 H2LP2V07,1016.466,0.0102,2,1240000000,,,,
 HDLP3V08,1016.484,0.0107,3,1100000000,,,,
 HDWP7V00,1016.511,0.00347,3,590000000,,,,
 HDWP5V00,1016.534,0.00315,3,592000000,,,,
 GeII*,1016.6377,0.0503,73,216000000,,,,
 H2WR6V00,1016.748,0.00649,2,1170000000,,,,
 HDWQ6V00,1016.841,0.00957,3,581000000,,,,
 H2LP5V08,1017.008,0.0113,2,1170000000,,,,
 GeII*,1017.06,0.00558,73,36000000,,,,
 CoIII,1017.387,0.0000094,59,60600,,,,
 H2WP4V00,1017.392,0.00987,2,1180000000,,,,
 HDLR4V08,1017.42,0.0135,3,1080000000,,,,
 H2LR3V07,1017.427,0.0183,2,1220000000,,,,
 CoII,1017.515,0.000829,59,6870000,,,,
 CO0_35R9,1017.5229,0.000023,28,1000000000,,,,
 HDLP6V09,1017.554,0.0113,3,930000000,,,,
 CO0_35R8,1017.554,0.0000231,28,1000000000,,,,
 CO0_35R7,1017.585,0.0000233,28,1000000000,,,,
 CO0_35R6,1017.6171,0.0000235,28,1000000000,,,,
 CO0_35R5,1017.65,0.0000238,28,1000000000,,,,
 CO0_35R4,1017.684,0.0000242,28,1000000000,,,,
 CO0_35R3,1017.719,0.0000249,28,1000000000,,,,
 CO0_35R2,1017.755,0.0000262,28,1000000000,,,,
 CO0_35R1,1017.792,0.0000291,28,1000000000,,,,
 CO0_35R0,1017.83,0.0000436,28,1000000000,,,,
 H2WQ5V00,1017.839,0.0238,2,1170000000,,,,
 V III***,1017.901,0.00168,51,13500000,,,,
 CO0_35P1,1017.909,0.0000145,28,1000000000,,,,
 V III*,1017.936,0.000145,51,937000,,,,
 CO0_35P2,1017.95,0.0000175,28,1000000000,,,,
 CO0_35P3,1017.992,0.0000187,28,1000000000,,,,
 CO0_35P4,1018.034,0.0000194,28,1000000000,,,,
 CO0_35P5,1018.078,0.0000198,28,1000000000,,,,
 H2LR9V10,1018.094,0.0165,2,1020000000,,,,
 CO0_35P6,1018.122,0.0000201,28,1000000000,,,,
 CO0_35P7,1018.168,0.0000204,28,1000000000,,,,
 CO0_35P8,1018.2141,0.0000205,28,1000000000,,,,
 H2LP7V09,1018.218,0.00881,2,1100000000,,,,
 CO0_35P9,1018.262,0.0000207,28,1000000000,,,,
 HDLP8V10,1018.408,0.011,3,838000000,,,,
 HDWR8V00,1018.803,0.0045,3,586000000,,,,
 CO1_35R9,1018.937,0.0000229,29,1000000000,,,,
 CO1_35R8,1018.967,0.000023,29,1000000000,,,,
 CO1_35R7,1018.998,0.0000232,29,1000000000,,,,
 H2LR6V08,1019.019,0.0204,2,1150000000,,,,
 CO1_35R6,1019.029,0.0000234,29,1000000000,,,,
 CO1_35R5,1019.062,0.0000237,29,1000000000,,,,
 CO1_35R4,1019.095,0.0000242,29,1000000000,,,,
 CO1_35R3,1019.129,0.0000249,29,1000000000,,,,
 CO1_35R2,1019.1639,0.0000261,29,1000000000,,,,
 CO1_35R1,1019.199,0.000029,29,1000000000,,,,
 CO1_35R0,1019.236,0.0000435,29,1000000000,,,,
 HDLR7V09,1019.252,0.0128,3,832000000,,,,
 CO1_35P1,1019.312,0.0000145,29,1000000000,,,,
 CO1_35P2,1019.351,0.0000174,29,1000000000,,,,
 ClI,1019.3645,0.00122,35,15700000,,,,
 CO1_35P3,1019.39,0.0000186,29,1000000000,,,,
 CO1_35P4,1019.431,0.0000193,29,1000000000,,,,
 HDLP4V08,1019.44,0.0112,3,1090000000,,,,
 HDWP8V00,1019.463,0.00357,3,589000000,,,,
 CO1_35P5,1019.473,0.0000198,29,1000000000,,,,
 H2LP3V07,1019.507,0.0105,2,1230000000,,,,
 CO1_35P6,1019.515,0.0000201,29,1000000000,,,,
 HDWP6V00,1019.522,0.00333,3,591000000,,,,
 CO1_35P7,1019.558,0.0000203,29,1000000000,,,,
 CO1_35P8,1019.602,0.0000205,29,1000000000,,,,
 CO1_35P9,1019.647,0.0000206,29,1000000000,,,,
 V III,1019.761,0.00000181,51,11600,,,,
 HDWQ7V00,1019.798,0.0097,3,579000000,,,,
 ClI,1019.94,0.00151,35,9660000,,,,
 V III**,1019.971,0.000427,51,3650000,,,,
 H2WR7V00,1020.061,0.00792,2,1160000000,,,,
 FeII977,1020.089,0.0001503,56,10000000,,,,
 HDLR9V10,1020.544,0.0123,3,810000000,,,,
 HDLR5V08,1020.595,0.0132,3,1070000000,,,,
 SiII,1020.6989,0.0164,28,451000000,,,,
 CoII,1020.744,0.00339,59,27900000,,,,
 H2LR4V07,1020.77,0.0181,2,1220000000,,,,
 H2WP5V00,1020.805,0.0108,2,1180000000,,,,
 H2LR8V09,1020.863,0.015,2,1080000000,,,,
 S III**,1021.108,0.011,32,284000000,,,,
 ArVI*,1021.19,0.000000001,40,100000000,,,,
 H2WQ6V00,1021.217,0.0239,2,1170000000,,,,
 S II,1021.254,0.000000001,32,100000000,,,,
 V III*,1021.276,0.0000179,51,172000,,,,
 S III**,1021.323,0.0329,32,282000000,,,,
 HDLR0V07,1021.456,0.0243,3,1280000000,,,,
 S II,1021.547,0.000000001,32,100000000,,,,
 C I*,1021.85,0.000000001,12,100000000,,,,
 HDLR1V07,1021.916,0.0161,3,1280000000,,,,
 ClI,1022.0478,0.0122,35,78200000,,,,
 HDWR9V00,1022.103,0.00438,3,308000000,,,,
 C I**,1022.13,0.000000001,12,100000000,,,,
 ClI,1022.4142,0.000213,35,905000,,,,
 HDLP7V09,1022.419,0.0116,3,921000000,,,,
 FeII977,1022.567,0.0004064,56,10000000,,,,
 H2LP6V08,1022.589,0.0126,2,1160000000,,,,
 HDLP1V07,1022.626,0.00821,3,1290000000,,,,
 HDWP9V00,1022.794,0.00365,3,587000000,,,,
 H2LP9V10,1022.833,0.0063,2,1040000000,,,,
 HDLR2V07,1023.064,0.0144,3,1270000000,,,,
 HDLP5V08,1023.065,0.0115,3,1080000000,,,,
 H2LP4V07,1023.441,0.0105,2,1230000000,,,,
 CoII,1023.487,0.00137,59,8720000,,,,
 CoII*,1023.561,0.00553,59,49300000,,,,
 SiII*,1023.7002,0.0164,28,451000000,,,,
 H2WR8V00,1023.879,0.00932,2,1160000000,,,,
 HDLR8V09,1024.238,0.0127,3,860000000,,,,
 HDLP2V07,1024.25,0.00992,3,1280000000,,,,
 H2LR0V06,1024.379,0.0287,2,1300000000,,,,
 HDLR6V08,1024.387,0.013,3,1070000000,,,,
 HDLP9V10,1024.412,0.0112,3,823000000,,,,
 H2WP6V00,1024.739,0.0104,2,1170000000,,,,
 H2LR7V08,1024.8781,0.019,2,1140000000,,,,
 HDLR3V07,1024.91,0.0136,3,1260000000,,,,
 H2LR1V06,1024.993,0.0195,2,1300000000,,,,
 H2LR5V07,1024.993,0.0179,2,1210000000,,,,
 H2WQ7V00,1025.1021,0.0239,2,1160000000,,,,
 ClI,1025.2821,0.0445,35,188000000,,,,
 H2LP8V09,1025.359,0.00907,2,1100000000,,,,
 D I,1025.4429,0.0527,2,190000000,,,,
 D I,1025.444,0.0264,2,190000000,,,,
 ClI*,1025.5529,0.00239,35,15200000,,,,
 CrIII**,1025.632,0.0128,52,57800000,,,,
 CoII,1025.678,0.00251,59,20500000,,,,
 H I,1025.7219,0.0527,1,190000000,,,,
 H I,1025.723,0.0264,1,190000000,,,,
 O I,1025.7616,0.0169,16,76500000,,,,
 O I,1025.7626,0.00302,16,19100000,,,,
 O I,1025.7633,0.000201,16,2120000,,,,
 ClI,1025.8445,0.00755,35,47900000,,,,
 H2LP1V06,1025.941,0.00911,2,1300000000,,,,
 MgII,1025.9681,0.001,24,3170000,,,,
 MgII,1026.1134,0.0005,24,3170000,,,,
 O I,1026.4733,0.00000235,16,24800,,,,
 O I,1026.4744,0.000187,16,1180000,,,,
 O I,1026.4757,0.00246,16,11100000,,,,
 H2LR2V06,1026.533,0.0179,2,1290000000,,,,
 HDLP3V07,1026.563,0.0107,3,1280000000,,,,
 FeII977,1027.103,0.00003048,56,10000000,,,,
 ClI,1027.1786,0.00345,35,21800000,,,,
 HDLP6V08,1027.332,0.0118,3,1080000000,,,,
 ClI,1027.3386,0.00658,35,27700000,,,,
 CoII*,1027.356,0.000000001,59,100000000,,,,
 CoII,1027.371,0.000000001,59,100000000,,,,
 HDLR4V07,1027.428,0.0132,3,1230000000,,,,
 O I*,1027.4305,0.0151,16,57100000,,,,
 O I*,1027.4313,0.00502,16,31700000,,,,
 CoII*,1027.452,0.00226,59,14300000,,,,
 CrIII***,1027.459,0.00378,52,23900000,,,,
 HDLP8V09,1027.881,0.0118,3,871000000,,,,
 H2WR9V00,1027.901,0.000169,2,1120000000,,,,
 NiII,1028.026,0.00000174,59,11000,,,,
 H2LP2V06,1028.1121,0.0107,2,1300000000,,,,
 O I*,1028.1431,0.000000493,16,9330,,,,
 O I*,1028.1436,0.0000961,16,607000,,,,
 O I*,1028.1447,0.00103,16,3900000,,,,
 O I**,1028.1571,0.0201,16,42200000,,,,
 ClI,1028.174,0.0223,35,141000000,,,,
 H2LP5V07,1028.2531,0.0105,2,1220000000,,,,
 CrIII*,1028.337,0.0336,52,127000000,,,,
 ClI,1028.4075,0.00000203,35,8540,,,,
 H2LR9V09,1028.531,0.0244,2,1080000000,,,,
 FeII977,1028.606,0.00001349,56,10000000,,,,
 ClI*,1028.6162,0.00489,35,30800000,,,,
 H2LP7V08,1028.809,0.0232,2,1170000000,,,,
 HDLR7V08,1028.8409,0.0129,3,954000000,,,,
 O I**,1028.8705,0.000468,16,982000,,,,
 CO0_36R9,1028.912,0.0000124,28,10000000000,,,,
 CO0_36R8,1028.948,0.0000126,28,10000000000,,,,
 CO0_36R7,1028.985,0.0000128,28,10000000000,,,,
 H2LR3V06,1028.991,0.0173,2,1290000000,,,,
 CO0_36R6,1029.022,0.0000131,28,10000000000,,,,
 CO0_36R5,1029.0599,0.0000136,28,10000000000,,,,
 CO0_36R4,1029.098,0.0000142,28,10000000000,,,,
 CO0_36R3,1029.137,0.0000152,28,10000000000,,,,
 CO0_36R2,1029.176,0.0000171,28,10000000000,,,,
 ClI*,1029.2023,0.000601,35,1890000,,,,
 CO0_36R1,1029.215,0.0000213,28,10000000000,,,,
 CO0_36R0,1029.255,0.0000427,28,10000000000,,,,
 CO0_36Q1,1029.296,0.0000213,28,10000000000,,,,
 CO0_36Q2,1029.297,0.0000213,28,10000000000,,,,
 CO0_36Q3,1029.3,0.0000213,28,10000000000,,,,
 CO0_36Q4,1029.303,0.0000213,28,10000000000,,,,
 CO0_36Q5,1029.306,0.0000213,28,10000000000,,,,
 CO0_36Q6,1029.311,0.0000213,28,10000000000,,,,
 CO0_36Q7,1029.316,0.0000213,28,10000000000,,,,
 CO0_36Q8,1029.322,0.0000213,28,10000000000,,,,
 CO0_36Q9,1029.328,0.0000213,28,10000000000,,,,
 ClI,1029.3433,0.00117,35,14700000,,,,
 H2WP7V00,1029.3521,0.000557,2,1160000000,,,,
 CO0_36P2,1029.377,0.00000427,28,10000000000,,,,
 CO0_36P3,1029.4191,0.00000609,28,10000000000,,,,
 CO0_36P4,1029.4609,0.00000711,28,10000000000,,,,
 H2WQ8V00,1029.472,0.0239,2,1160000000,,,,
 CO0_36P5,1029.5031,0.00000776,28,10000000000,,,,
 CO0_36P6,1029.546,0.0000082,28,10000000000,,,,
 HDLP4V07,1029.559,0.0112,3,1270000000,,,,
 CO0_36P7,1029.589,0.00000853,28,10000000000,,,,
 CrIII**,1029.618,0.000308,52,1940000,,,,
 CO0_36P8,1029.6331,0.00000878,28,10000000000,,,,
 CO0_36P9,1029.677,0.00000898,28,10000000000,,,,
 CrIIIer,1029.782,0.00161,52,13000000,,,,
 CO1_36R9,1029.8561,0.0000123,29,10000000000,,,,
 CO1_36R8,1029.891,0.0000125,29,10000000000,,,,
 HDLR9V09,1029.895,0.0127,3,843000000,,,,
 CO1_36R7,1029.926,0.0000128,29,10000000000,,,,
 CO1_36R6,1029.962,0.0000131,29,10000000000,,,,
 CO1_36R5,1029.999,0.0000136,29,10000000000,,,,
 CO1_36R4,1030.035,0.0000142,29,10000000000,,,,
 CO1_36R3,1030.072,0.0000152,29,10000000000,,,,
 H2LR6V07,1030.078,0.0179,2,1210000000,,,,
 CrIII,1030.1,0.0625,52,131000000,,,,
 CO1_36R2,1030.11,0.000017,29,10000000000,,,,
 CO1_36R1,1030.1479,0.0000213,29,10000000000,,,,
 CO1_36R0,1030.186,0.0000426,29,10000000000,,,,
 CO1_36Q1,1030.225,0.0000213,29,10000000000,,,,
 CO1_36Q2,1030.2269,0.0000213,29,10000000000,,,,
 CO1_36Q3,1030.229,0.0000213,29,10000000000,,,,
 CO1_36Q4,1030.2321,0.0000213,29,10000000000,,,,
 CO1_36Q5,1030.236,0.0000213,29,10000000000,,,,
 CO1_36Q6,1030.241,0.0000213,29,10000000000,,,,
 CO1_36Q7,1030.246,0.0000213,29,10000000000,,,,
 CO1_36Q8,1030.252,0.0000213,29,10000000000,,,,
 CoII,1030.259,0.00855,59,53700000,,,,
 CO1_36Q9,1030.259,0.0000213,29,10000000000,,,,
 CO1_36P2,1030.303,0.00000426,29,10000000000,,,,
 CO1_36P3,1030.343,0.00000608,29,10000000000,,,,
 CoII**,1030.382,0.00118,59,7420000,,,,
 CO1_36P4,1030.3831,0.0000071,29,10000000000,,,,
 CO1_36P5,1030.424,0.00000774,29,10000000000,,,,
 CO1_36P6,1030.464,0.00000819,29,10000000000,,,,
 CrIIIer,1030.467,0.068,52,350000000,,,,
 CO1_36P7,1030.506,0.00000852,29,10000000000,,,,
 HDWQ8V00,1030.5439,0.00982,3,576000000,,,,
 CO1_36P8,1030.547,0.00000876,29,10000000000,,,,
 CO1_36P9,1030.589,0.00000896,29,10000000000,,,,
 HDLR5V07,1030.6219,0.0128,3,1230000000,,,,
 CoII*,1030.744,0.00145,59,9070000,,,,
 CrIII*,1030.761,0.00283,52,17800000,,,,
 ClI,1030.8845,0.0287,35,180000000,,,,
 CrIII***,1030.8929,0.0151,52,73700000,,,,
 H2LP3V06,1031.198,0.0111,2,1300000000,,,,
 ClI*,1031.3485,0.00262,35,8230000,,,,
 CrIII***,1031.459,0.00336,52,29500000,,,,
 ClI,1031.507,0.151,35,630000000,,,,
 CoII,1031.542,0.000722,59,3700000,,,,
 H2LR8V08,1031.558,0.0186,2,1130000000,,,,
 CrIII**,1031.584,0.000635,52,2840000,,,,
 ClI,1031.6704,0.00705,35,88300000,,,,
 HDLR0V06,1031.912,0.0229,3,1350000000,,,,
 O VI,1031.9261,0.132,16,415000000,,,,
 CrIII**,1032.047,0.00138,52,14400000,,,,
 CoII,1032.179,0.000214,59,1340000,,,,
 HDLP7V08,1032.2271,0.012,3,1070000000,,,,
 H2LR4V06,1032.355,0.0171,2,1280000000,,,,
 HDLR1V06,1032.361,0.0151,3,1350000000,,,,
 CrIII*,1032.42,0.00781,52,29300000,,,,
 F VI,1032.52,0.00000351,19,7320,,,,
 HDLP1V06,1033.114,0.00777,3,1360000000,,,,
 HDLP5V07,1033.223,0.0115,3,1260000000,,,,
 CrIIIer,1033.2321,0.0706,52,441000000,,,,
 H2LP9V09,1033.269,0.0096,2,1090000000,,,,
 CrIII,1033.3311,0.064,52,133000000,,,,
 CrIII***,1033.433,0.0787,52,491000000,,,,
 HDLR2V06,1033.514,0.0135,3,1340000000,,,,
 CoII*,1033.542,0.000579,59,2810000,,,,
 CrIII***,1033.6801,0.0813,52,395000000,,,,
 CrIII**,1033.7111,0.0646,52,403000000,,,,
 H2LP6V07,1033.922,0.0105,2,1220000000,,,,
 HDLR8V08,1033.927,0.0127,3,1010000000,,,,
 HDLP9V09,1033.949,0.012,3,832000000,,,,
 H2WP8V00,1033.96,0.0172,2,1170000000,,,,
 CrIII*,1033.996,0.0313,52,195000000,,,,
 CoII**,1034.229,0.00735,59,45800000,,,,
 H2WQ9V00,1034.302,0.0239,2,1160000000,,,,
 CoII**,1034.326,0.00034,59,1510000,,,,
 CoII*,1034.361,0.000000001,59,100000000,,,,
 HDLR6V07,1034.491,0.0126,3,1180000000,,,,
 HDLP2V06,1034.764,0.0094,3,1350000000,,,,
 CrIII*,1034.8571,0.0566,52,1060000000,,,,
 HDWQ9V00,1035.002,0.00994,3,574000000,,,,
 H2LP4V06,1035.188,0.0113,2,1290000000,,,,
 ClI*,1035.2148,0.00281,35,8750000,,,,
 CrIII**,1035.291,0.0578,52,600000000,,,,
 HDLR3V06,1035.363,0.0127,3,1340000000,,,,
 CrIII***,1035.567,0.0371,52,323000000,,,,
 CoII*,1035.775,0.00336,59,20900000,,,,
 CrIIIer,1035.783,0.0149,52,119000000,,,,
 CrIII**,1035.938,0.124,52,553000000,,,,
 H2LR7V07,1036.005,0.0178,2,1190000000,,,,
 CrIIIer,1036.031,0.0792,52,492000000,,,,
 BeII,1036.299,0.5,9,185000000,,,,
 H2LP8V08,1036.308,0.00708,2,1150000000,,,,
 CoII,1036.311,0.000000001,59,100000000,,,,
 BeII,1036.319,0.5,9,185000000,,,,
 C II,1036.3367,0.118,12,2200000000,,,,
 H2LR0V05,1036.551,0.0269,2,1370000000,,,,
 ClI*,1036.5734,0.0397,35,123000000,,,,
 H2LR5V06,1036.61,0.0169,2,1270000000,,,,
 C II*,1037.0182,0.118,12,2200000000,,,,
 HDLP3V06,1037.113,0.0102,3,1350000000,,,,
 H2LR1V05,1037.155,0.0181,2,1370000000,,,,
 CoII*,1037.5031,0.000149,59,921000,,,,
 HDLP6V07,1037.546,0.0118,3,1230000000,,,,
 ClI*,1037.587,0.083,35,257000000,,,,
 O VI,1037.6167,0.0658,16,408000000,,,,
 CoII**,1037.662,0.00124,59,5470000,,,,
 HDLP8V08,1037.748,0.0122,3,1070000000,,,,
 CrIII***,1037.802,0.0193,52,119000000,,,,
 FeII,1037.8077,0.00000624,56,48300,,,,
 FeII977,1037.891,0.0001127,56,10000000,,,,
 HDLR4V06,1037.901,0.0122,3,1330000000,,,,
 CrIII*,1038.162,0.11,52,409000000,,,,
 H2LP1V05,1038.162,0.00868,2,1370000000,,,,
 H2LR2V05,1038.6949,0.0165,2,1360000000,,,,
 ClI*,1038.778,0.00467,35,28800000,,,,
 HDLR7V07,1038.952,0.0124,3,1160000000,,,,
 H2LR9V08,1039.027,0.0184,2,1120000000,,,,
 FeII,1039.078,0.000000358,56,2210,,,,
 CoII,1039.105,0.000874,59,4420000,,,,
 O I,1039.2303,0.0092,16,94700000,,,,
 H2WP9V00,1039.299,0.0159,2,1160000000,,,,
 FeII,1039.3127,0.000105,56,814000,,,,
 CO0_**R9,1039.358,0.0000055,28,10000000000,,,,
 CO0_**R8,1039.395,0.00000554,28,10000000000,,,,
 CO0_**R7,1039.433,0.00000558,28,10000000000,,,,
 CrIII**,1039.467,0.000209,52,1290000,,,,
 CO0_**R6,1039.4709,0.00000563,28,10000000000,,,,
 CO0_**R5,1039.51,0.0000057,28,10000000000,,,,
 CO0_**R4,1039.5491,0.00000581,28,10000000000,,,,
 CO0_**R3,1039.588,0.00000597,28,10000000000,,,,
 CO0_**R2,1039.6279,0.00000627,28,10000000000,,,,
 HDLR9V08,1039.629,0.0126,3,886000000,,,,
 CO0_**R1,1039.668,0.00000697,28,10000000000,,,,
 CO0_**R0,1039.709,0.0000105,28,10000000000,,,,
 CO0_**P1,1039.792,0.00000348,28,10000000000,,,,
 CO0_**P2,1039.834,0.00000418,28,10000000000,,,,
 CO0_**P3,1039.876,0.00000448,28,10000000000,,,,
 CO0_**P4,1039.9189,0.00000464,28,10000000000,,,,
 CO0_**P5,1039.962,0.00000475,28,10000000000,,,,
 CO0_**P6,1040.006,0.00000482,28,10000000000,,,,
 CO0_**P7,1040.0499,0.00000488,28,10000000000,,,,
 CrIII,1040.05,0.122,52,251000000,,,,
 H2LP5V06,1040.0649,0.0114,2,1290000000,,,,
 CO0_**P8,1040.094,0.00000492,28,10000000000,,,,
 CO0_**P9,1040.139,0.00000495,28,10000000000,,,,
 HDLP4V06,1040.141,0.0106,3,1340000000,,,,
 CrIIIer,1040.172,0.0122,52,96300000,,,,
 CO1_**R9,1040.292,0.00000549,29,10000000000,,,,
 CO1_**R8,1040.328,0.00000553,29,10000000000,,,,
 ClI*,1040.3475,0.0723,35,223000000,,,,
 CO1_**R7,1040.364,0.00000557,29,10000000000,,,,
 H2LP2V05,1040.3719,0.0103,2,1370000000,,,,
 CO1_**R6,1040.401,0.00000562,29,10000000000,,,,
 H2LP7V07,1040.428,0.0106,2,1210000000,,,,
 CO1_**R5,1040.438,0.00000569,29,10000000000,,,,
 CoII*,1040.448,0.000879,59,4210000,,,,
 CO1_**R4,1040.476,0.0000058,29,10000000000,,,,
 CO1_**R3,1040.514,0.00000596,29,10000000000,,,,
 CO1_**R2,1040.552,0.00000626,29,10000000000,,,,
 CO1_**R1,1040.5909,0.00000696,29,10000000000,,,,
 CO1_**R0,1040.63,0.0000104,29,10000000000,,,,
 CO1_**P1,1040.709,0.00000348,29,10000000000,,,,
 CrIII*,1040.723,0.00631,52,38800000,,,,
 CO1_**P2,1040.749,0.00000417,29,10000000000,,,,
 CO1_**P3,1040.79,0.00000447,29,10000000000,,,,
 CO1_**P4,1040.8311,0.00000464,29,10000000000,,,,
 CO1_**P5,1040.8719,0.00000474,29,10000000000,,,,
 CO1_**P6,1040.9141,0.00000482,29,10000000000,,,,
 O I*,1040.9425,0.00918,16,56500000,,,,
 CO1_**P7,1040.9559,0.00000487,29,10000000000,,,,
 CO1_**P8,1040.998,0.00000491,29,10000000000,,,,
 CO1_**P9,1041.041,0.00000494,29,10000000000,,,,
 HDLR5V06,1041.121,0.0118,3,1320000000,,,,
 ClI*,1041.1479,0.0281,35,173000000,,,,
 H2LR3V05,1041.163,0.0158,2,1360000000,,,,
 CoII**,1041.328,0.000000001,59,100000000,,,,
 CrIII***,1041.344,0.00944,52,81300000,,,,
 O I**,1041.6876,0.00918,16,18800000,,,,
 ClI,1041.7148,0.00522,35,64200000,,,,
 H2LR6V06,1041.7371,0.0168,2,1260000000,,,,
 CoII,1041.92,0.000864,59,5310000,,,,
 CrIII**,1042.035,0.00234,52,24000000,,,,
 CoII*,1042.312,0.000000001,59,100000000,,,,
 CoII*,1042.406,0.000654,59,3120000,,,,
 HDLP7V07,1042.5081,0.012,3,1230000000,,,,
 H2LR8V07,1042.751,0.0177,2,1190000000,,,,
 CoII**,1042.761,0.000605,59,2650000,,,,
 ClI,1042.7793,0.025,35,153000000,,,,
 NiII,1042.821,6.56E-08,59,603,,,,
 HDLR0V05,1042.848,0.0201,3,1430000000,,,,
 HDLR1V05,1043.288,0.0132,3,1430000000,,,,
 FeII*,1043.4858,0.000468,56,2860000,,,,
 H2LP3V05,1043.5081,0.0108,2,1370000000,,,,
 HDLP5V06,1043.85,0.0109,3,1340000000,,,,
 HDLP9V08,1043.881,0.0125,3,954000000,,,,
 ClI,1043.9857,0.0181,35,73900000,,,,
 HDLR8V07,1044.078,0.0122,3,1130000000,,,,
 HDLP1V05,1044.082,0.00687,3,1430000000,,,,
 H2LP9V08,1044.3,0.00856,2,1140000000,,,,
 HDLR2V05,1044.442,0.0117,3,1420000000,,,,
 CoII**,1044.512,0.000000001,59,100000000,,,,
 H2LR4V05,1044.548,0.0154,2,1350000000,,,,
 HDLR6V06,1045.007,0.0115,3,1310000000,,,,
 CoII,1045.1121,0.0000267,59,210000,,,,
 HDLP2V05,1045.759,0.00832,3,1430000000,,,,
 H2LP6V06,1045.8101,0.0114,2,1280000000,,,,
 FeII*,1045.9059,0.000384,56,3120000,,,,
 HDLR3V05,1046.299,0.011,3,1420000000,,,,
 CoII**,1046.501,0.000000001,59,100000000,,,,
 FeII**,1046.5754,0.00036,56,1640000,,,,
 CoII*,1046.62,0.000479,59,2910000,,,,
 O I,1047.3756,0.000000001,16,100000000,,,,
 H2LP4V05,1047.557,0.011,2,1360000000,,,,
 CoII,1047.6021,0.000000001,59,100000000,,,,
 H2LR7V06,1047.7159,0.0167,2,1260000000,,,,
 H2LP8V07,1047.748,0.0106,2,1210000000,,,,
 HDLP8V07,1048.0909,0.0122,3,1180000000,,,,
 HDLP3V05,1048.139,0.00899,3,1430000000,,,,
 ArI,1048.2198,0.263,40,532000000,,,,
 HDLP6V06,1048.228,0.0111,3,1330000000,,,,
 H2LR5V05,1048.835,0.0152,2,1340000000,,,,
 HDLR4V05,1048.856,0.0105,3,1410000000,,,,
 NiII,1048.96,2.81E-08,59,170,,,,
 FeII**,1049.0096,0.000233,56,1410000,,,,
 O I*,1049.1147,0.000000001,16,100000000,,,,
 H2LR0V04,1049.374,0.0232,2,1450000000,,,,
 CoII**,1049.387,0.000201,59,1220000,,,,
 HDLR7V06,1049.4969,0.0113,3,1280000000,,,,
 CoII*,1049.808,0.000013,59,110000,,,,
 HDLR9V07,1049.827,0.012,3,1100000000,,,,
 CrII,1049.861,0.0000466,52,212000,,,,
 H2LR1V04,1049.9659,0.0156,2,1440000000,,,,
 H2LR9V07,1050.293,0.0177,2,1160000000,,,,
 MnII,1050.351,0.0000758,55,357000,,,,
 FeII**,1050.5265,0.000446,56,4040000,,,,
 H2LP1V04,1051.04,0.00762,2,1450000000,,,,
 FeII***,1051.1591,0.000609,56,2450000,,,,
 HDLP4V05,1051.209,0.00938,3,1420000000,,,,
 CO0_37R9,1051.2681,0.000716,28,10000000000,,,,
 CO0_37R8,1051.3149,0.000727,28,10000000000,,,,
 CO0_37R7,1051.361,0.000742,28,10000000000,,,,
 ClI*,1051.3787,0.0158,35,95400000,,,,
 CO0_37R6,1051.406,0.000761,28,10000000000,,,,
 CO0_37R5,1051.451,0.000787,28,10000000000,,,,
 CO0_37R4,1051.496,0.000824,28,10000000000,,,,
 H2LR2V04,1051.505,0.014,2,1440000000,,,,
 CO0_37R3,1051.54,0.000883,28,10000000000,,,,
 CO0_37R2,1051.584,0.000989,28,10000000000,,,,
 CO0_37R1,1051.6281,0.00124,28,10000000000,,,,
 CO0_37R0,1051.671,0.00247,28,10000000000,,,,
 CO0_37Q9,1051.697,0.00124,28,10000000000,,,,
 CO0_37Q8,1051.7,0.00124,28,10000000000,,,,
 CO0_37Q7,1051.704,0.00124,28,10000000000,,,,
 CO0_37Q6,1051.7061,0.00124,28,10000000000,,,,
 CO0_37Q5,1051.709,0.00124,28,10000000000,,,,
 CO0_37Q4,1051.71,0.00124,28,10000000000,,,,
 CO0_37Q3,1051.712,0.00124,28,10000000000,,,,
 CO0_37Q2,1051.713,0.00124,28,10000000000,,,,
 CO0_37Q1,1051.714,0.00124,28,10000000000,,,,
 FeII,1051.7499,0.00000764,56,57600,,,,
 CrII,1051.782,0.00000674,52,40700,,,,
 CO0_37P2,1051.7991,0.000247,28,10000000000,,,,
 CO1_37R9,1051.806,0.000715,29,10000000000,,,,
 CO0_37P3,1051.8409,0.000353,28,10000000000,,,,
 CO1_37R8,1051.851,0.000727,29,10000000000,,,,
 CO0_37P4,1051.8821,0.000412,28,10000000000,,,,
 CO1_37R7,1051.895,0.000741,29,10000000000,,,,
 CO0_37P5,1051.923,0.000449,28,10000000000,,,,
 CO1_37R6,1051.938,0.00076,29,10000000000,,,,
 CO0_37P6,1051.964,0.000475,28,10000000000,,,,
 CO1_37R5,1051.981,0.000786,29,10000000000,,,,
 CO0_37P7,1052.004,0.000494,28,10000000000,,,,
 CO1_37R4,1052.024,0.000823,29,10000000000,,,,
 CO0_37P8,1052.0439,0.000509,28,10000000000,,,,
 CO1_37R3,1052.067,0.000882,29,10000000000,,,,
 CO0_37P9,1052.083,0.00052,28,10000000000,,,,
 HDLR5V05,1052.089,0.0101,3,1400000000,,,,
 CO1_37R2,1052.109,0.000988,29,10000000000,,,,
 CO1_37R1,1052.151,0.00123,29,10000000000,,,,
 CO1_37R0,1052.192,0.00247,29,10000000000,,,,
 CO1_37Q9,1052.2161,0.00123,29,10000000000,,,,
 CO1_37Q8,1052.22,0.00123,29,10000000000,,,,
 CO1_37Q7,1052.223,0.00123,29,10000000000,,,,
 CO1_37Q6,1052.2261,0.00123,29,10000000000,,,,
 CO1_37Q5,1052.228,0.00123,29,10000000000,,,,
 CO1_37Q4,1052.23,0.00123,29,10000000000,,,,
 CoII,1052.231,0.00000171,59,10300,,,,
 CO1_37Q3,1052.231,0.00123,29,10000000000,,,,
 CO1_37Q2,1052.2319,0.00123,29,10000000000,,,,
 CO1_37Q1,1052.2329,0.00123,29,10000000000,,,,
 CO1_37P2,1052.3149,0.000247,29,10000000000,,,,
 CoII*,1052.342,0.000000001,59,100000000,,,,
 CO1_37P3,1052.354,0.000353,29,10000000000,,,,
 CO1_37P4,1052.394,0.000412,29,10000000000,,,,
 H2LP7V06,1052.4,0.0114,2,1270000000,,,,
 CO1_37P5,1052.433,0.000449,29,10000000000,,,,
 ClI*,1052.463,0.0601,35,181000000,,,,
 CO1_37P6,1052.472,0.000475,29,10000000000,,,,
 H2LP5V05,1052.502,0.0111,2,1360000000,,,,
 CO1_37P7,1052.51,0.000494,29,10000000000,,,,
 CO1_37P8,1052.548,0.000508,29,10000000000,,,,
 CO1_37P9,1052.5859,0.00052,29,10000000000,,,,
 FeII***,1052.6821,0.0000227,56,137000,,,,
 MnII,1052.746,0.0000199,55,120000,,,,
 HDLP7V06,1053.236,0.0113,3,1320000000,,,,
 H2LP2V04,1053.291,0.00906,2,1450000000,,,,
 CrII,1053.375,0.000000551,52,4960,,,,
 FeII***,1053.6843,0.000202,56,2420000,,,,
 CoII**,1053.754,0.000000001,59,100000000,,,,
 MnII,1053.891,0.000000626,55,5270,,,,
 FeIIer,1053.9518,0.000641,56,1930000,,,,
 FeII977,1053.952,0.0005105,56,10000000,,,,
 H2LR3V04,1053.9821,0.0134,2,1430000000,,,,
 H2LR6V05,1054.004,0.015,2,1330000000,,,,
 HDLR0V04,1054.288,0.0162,3,1500000000,,,,
 HDLP9V07,1054.291,0.0124,3,1160000000,,,,
 H2LR8V06,1054.525,0.0165,2,1240000000,,,,
 HDLR8V06,1054.6639,0.011,3,1280000000,,,,
 HDLR1V04,1054.723,0.0106,3,1500000000,,,,
 FeII977,1054.956,0.00002108,56,10000000,,,,
 FeIIer,1054.9564,0.0000497,56,298000,,,,
 HDLP5V05,1054.968,0.00965,3,1420000000,,,,
 GeII,1055.0261,0.0115,73,69200000,,,,
 FeII,1055.2617,0.0075,56,46100000,,,,
 HDLP1V04,1055.563,0.00554,3,1500000000,,,,
 CoII*,1055.598,0.00000849,59,50800,,,,
 H2LP9V07,1055.855,0.0108,2,1190000000,,,,
 HDLR2V04,1055.877,0.00935,3,1500000000,,,,
 NiII,1055.9,0.00000321,59,14400,,,,
 HDLR6V05,1055.999,0.00981,3,1400000000,,,,
 H2LP3V04,1056.479,0.0096,2,1440000000,,,,
 CoII**,1056.985,0.00000653,59,39000,,,,
 HDLP2V04,1057.266,0.00672,3,1500000000,,,,
 H2LR4V04,1057.386,0.0129,2,1430000000,,,,
 HDLR3V04,1057.735,0.00872,3,1490000000,,,,
 CrII,1057.951,0.000000133,52,594,,,,
 H2LP6V05,1058.325,0.0112,2,1350000000,,,,
 CrII,1058.7321,0.000481,52,2150000,,,,
 HDLP8V06,1058.882,0.0115,3,1310000000,,,,
 HDLP6V05,1059.3929,0.00984,3,1410000000,,,,
 FeII*,1059.5642,0.00546,56,32400000,,,,
 HDLP3V04,1059.6801,0.00726,3,1500000000,,,,
 CrII,1059.713,0.00000455,52,27000,,,,
 CrII,1059.7321,0.00432,52,19300000,,,,
 H2LP8V06,1059.812,0.0114,2,1260000000,,,,
 H2LR7V05,1060.036,0.0147,2,1320000000,,,,
 HDLR4V04,1060.293,0.00827,3,1480000000,,,,
 FeII*,1060.442,0.0154,56,122000000,,,,
 HDLR9V06,1060.46,0.0107,3,1260000000,,,,
 HDLR7V05,1060.5291,0.0095,3,1380000000,,,,
 H2LP4V04,1060.588,0.00985,2,1440000000,,,,
 CrII,1060.828,0.000624,52,3700000,,,,
 CrII,1060.9399,0.000000279,52,2480,,,,
 MnII,1061.223,0.00000219,55,18200,,,,
 CrIIIer,1061.282,0.0000719,52,348000,,,,
 CrII,1061.361,0.00000443,52,19700,,,,
 FeII,1061.6852,0.0000423,56,208000,,,,
 H2LR5V04,1061.702,0.0126,2,1420000000,,,,
 H2LR9V06,1062.1379,0.0164,2,1210000000,,,,
 FeII,1062.1517,0.00291,56,17200000,,,,
 CrII,1062.198,0.00249,52,14700000,,,,
 CO0_38R9,1062.652,0.00146,28,1000000000,,,,
 S IV,1062.6639,0.0593,32,209000000,,,,
 CO0_38R8,1062.696,0.00147,28,1000000000,,,,
 CrII,1062.72,0.000176,52,1560000,,,,
 CO0_38R7,1062.74,0.00148,28,1000000000,,,,
 FeII**,1062.7498,0.00704,56,31200000,,,,
 CO0_38R6,1062.783,0.00149,28,1000000000,,,,
 HDLP4V04,1062.793,0.00758,3,1500000000,,,,
 CO0_38R5,1062.827,0.00151,28,1000000000,,,,
 CoII**,1062.855,0.000000782,59,3300,,,,
 CoII*,1062.861,0.000000183,59,841,,,,
 CO0_38R4,1062.871,0.00154,28,1000000000,,,,
 H2LR0V03,1062.8879,0.0179,2,1530000000,,,,
 CO0_38R3,1062.9139,0.00158,28,1000000000,,,,
 CO0_38R2,1062.958,0.00166,28,1000000000,,,,
 CO0_38R1,1063.001,0.00185,28,1000000000,,,,
 FeII,1063.0016,0.0000834,56,615000,,,,
 FeII**,1063.0214,0.0139,56,123000000,,,,
 CO0_38R0,1063.0449,0.00277,28,1000000000,,,,
 FeII977,1063.127,0.00007726,56,10000000,,,,
 CO0_38P1,1063.1321,0.000923,28,1000000000,,,,
 CO0_38P2,1063.1749,0.00111,28,1000000000,,,,
 FeII,1063.1764,0.0547,56,323000000,,,,
 CO1_38R9,1063.203,0.00142,29,1000000000,,,,
 CO0_38P3,1063.219,0.00119,28,1000000000,,,,
 CO1_38R8,1063.245,0.00143,29,1000000000,,,,
 CO0_38P4,1063.262,0.00123,28,1000000000,,,,
 CO1_38R7,1063.287,0.00144,29,1000000000,,,,
 CO0_38P5,1063.3049,0.00126,28,1000000000,,,,
 CO1_38R6,1063.328,0.00145,29,1000000000,,,,
 CO0_38P6,1063.348,0.00128,28,1000000000,,,,
 CO1_38R5,1063.37,0.00147,29,1000000000,,,,
 CO0_38P7,1063.3921,0.00129,28,1000000000,,,,
 CO1_38R4,1063.412,0.0015,29,1000000000,,,,
 CO0_38P8,1063.4349,0.0013,28,1000000000,,,,
 CO1_38R3,1063.453,0.00154,29,1000000000,,,,
 H2LR1V03,1063.4659,0.0119,2,1530000000,,,,
 CO0_38P9,1063.478,0.00131,28,1000000000,,,,
 CO1_38R2,1063.495,0.00162,29,1000000000,,,,
 CO1_38R1,1063.537,0.0018,29,1000000000,,,,
 HDLR5V04,1063.5551,0.00791,3,1480000000,,,,
 CO1_38R0,1063.578,0.0027,29,1000000000,,,,
 CrIII***,1063.606,0.0000593,52,272000,,,,
 FeII***,1063.6248,0.0116,56,136000000,,,,
 FeII**,1063.6328,0.00279,56,16500000,,,,
 CO1_38P1,1063.661,0.000899,29,1000000000,,,,
 CO1_38P2,1063.703,0.00108,29,1000000000,,,,
 CO1_38P3,1063.745,0.00116,29,1000000000,,,,
 CO1_38P4,1063.786,0.0012,29,1000000000,,,,
 CrII,1063.801,0.00218,52,19300000,,,,
 CO1_38P5,1063.828,0.00123,29,1000000000,,,,
 ClII,1063.8311,0.00503,35,117000000,,,,
 CO1_38P6,1063.869,0.00124,29,1000000000,,,,
 CO1_38P7,1063.911,0.00126,29,1000000000,,,,
 CO1_38P8,1063.952,0.00127,29,1000000000,,,,
 FeII,1063.9718,0.0037,56,35000000,,,,
 CO1_38P9,1063.993,0.00128,29,1000000000,,,,
 CrII,1064.124,0.000533,52,3140000,,,,
 CrII,1064.21,0.0000428,52,189000,,,,
 HDLP7V05,1064.4659,0.00998,3,1400000000,,,,
 H2LP1V03,1064.6121,0.00596,2,1540000000,,,,
 FeIIer,1064.9209,0.00692,56,40700000,,,,
 FeII977,1064.921,0.004487,56,10000000,,,,
 H2LR2V03,1065.001,0.0107,2,1520000000,,,,
 H2LP7V05,1065.002,0.0112,2,1340000000,,,,
 CrII,1065.069,0.00000442,52,26000,,,,
 HDLP9V06,1065.152,0.0116,3,1280000000,,,,
 FeII***,1065.2288,0.0000379,56,223000,,,,
 CrIII**,1065.566,0.0000332,52,139000,,,,
 H2LP5V04,1065.604,0.00996,2,1430000000,,,,
 HDLR8V05,1065.7371,0.00921,3,1370000000,,,,
 FeII*,1065.7919,0.000689,56,5390000,,,,
 FeII***,1065.8427,0.0172,56,67400000,,,,
 CrIIIer,1066.0959,0.0000141,52,82900,,,,
 HDLR0V03,1066.275,0.0115,3,1580000000,,,,
 CrII,1066.369,0.00000536,52,31400,,,,
 CrII,1066.438,0.00000146,52,12900,,,,
 FeII*,1066.5106,0.000611,56,2870000,,,,
 FeIIer,1066.5288,0.0212,56,62200000,,,,
 FeII977,1066.529,0.01371,56,10000000,,,,
 HDLP5V04,1066.593,0.00778,3,1490000000,,,,
 ArI,1066.6599,0.0675,40,132000000,,,,
 HDLR1V03,1066.709,0.00747,3,1580000000,,,,
 CrII,1066.776,0.0000986,52,867000,,,,
 H2LP2V03,1066.907,0.00712,2,1530000000,,,,
 H2LR8V05,1066.908,0.0145,2,1310000000,,,,
 H2LR6V04,1066.913,0.0123,2,1410000000,,,,
 CrIII*,1067.1899,0.0000136,52,47700,,,,
 FeII*,1067.3674,0.000503,56,2950000,,,,
 HDLR6V04,1067.442,0.00759,3,1470000000,,,,
 H2LR3V03,1067.485,0.01,2,1520000000,,,,
 CrIII***,1067.538,0.0000156,52,91500,,,,
 FeII*,1067.5437,0.0176,56,82500000,,,,
 CrII,1067.566,0.00000371,52,21700,,,,
 HDLP1V03,1067.589,0.00395,3,1580000000,,,,
 HDLR2V03,1067.842,0.00656,3,1570000000,,,,
 ClII*,1067.9443,0.00667,35,117000000,,,,
 H2LP9V06,1068.022,0.0115,2,1260000000,,,,
 FeII*,1068.3375,0.0000211,56,165000,,,,
 FeII*,1068.3456,0.0272,56,159000000,,,,
 CrIII**,1068.5699,0.00000815,52,47600,,,,
 CrII,1068.668,0.00000993,52,87000,,,,
 FeII**,1069.015,0.00255,56,14900000,,,,
 CrII,1069.156,0.00000671,52,29400,,,,
 HDLP2V03,1069.319,0.0048,3,1580000000,,,,
 FeII,1069.66,0.0000215,56,157000,,,,
 FeII,1069.6951,0.000023,56,134000,,,,
 HDLR3V03,1069.707,0.00608,3,1570000000,,,,
 CrIIIer,1070.046,0.000000918,52,6870,,,,
 FeII*,1070.1346,0.00353,56,27400000,,,,
 H2LP3V03,1070.1479,0.00758,2,1530000000,,,,
 HDLP8V05,1070.177,0.0101,3,1400000000,,,,
 CrIII***,1070.553,0.000000897,52,7310,,,,
 FeII**,1070.6001,0.0003,56,1310000,,,,
 H2LR4V03,1070.906,0.00963,2,1510000000,,,,
 ClII,1071.0358,0.015,35,115000000,,,,
 HDLP6V04,1071.056,0.00792,3,1480000000,,,,
 FeII***,1071.2473,0.00582,56,22600000,,,,
 H2LP6V04,1071.506,0.01,2,1430000000,,,,
 FeII**,1071.576,0.0000589,56,342000,,,,
 HDLR9V05,1071.5811,0.00892,3,1350000000,,,,
 FeII**,1071.5842,0.0261,56,114000000,,,,
 HDLP3V03,1071.766,0.00518,3,1580000000,,,,
 ClII*,1071.7668,0.00499,35,117000000,,,,
 HDLR7V04,1072.033,0.00729,3,1460000000,,,,
 HDLR4V03,1072.278,0.00573,3,1560000000,,,,
 H2LP8V05,1072.512,0.0112,2,1330000000,,,,
 S IV*,1072.973,0.0528,32,204000000,,,,
 H2LR7V04,1072.996,0.012,2,1400000000,,,,
 FeII**,1073.2762,0.00475,56,41300000,,,,
 FeII***,1073.321,0.0145,56,168000000,,,,
 FeII**,1073.3842,0.0101,56,58300000,,,,
 S IV*,1073.5179,0.00587,32,209000000,,,,
 FeII,1073.769,0.00000461,56,33400,,,,
 FeII***,1073.8191,0.000082,56,316000,,,,
 H2LP4V03,1074.3199,0.00779,2,1520000000,,,,
 H2LR9V05,1074.595,0.0142,2,1300000000,,,,
 FeII977,1074.641,0.01563,56,10000000,,,,
 FeIIer,1074.6411,0.00857,56,49500000,,,,
 HDLP4V03,1074.918,0.0054,3,1570000000,,,,
 GeII*,1075.072,0.0113,73,131000000,,,,
 ClII**,1075.2294,0.0199,35,117000000,,,,
 H2LR5V03,1075.251,0.00927,2,1500000000,,,,
 FeII***,1075.5264,0.00379,56,21900000,,,,
 HDLR5V03,1075.55,0.00543,3,1550000000,,,,
 CO0_39R9,1075.5809,0.0106,28,1000000000,,,,
 CO1_39R9,1075.604,0.0106,29,1000000000,,,,
 FeII***,1075.6346,0.0244,56,93700000,,,,
 CO0_39R8,1075.635,0.0107,28,1000000000,,,,
 CO1_39R8,1075.656,0.0107,29,1000000000,,,,
 CO0_39R7,1075.688,0.011,28,1000000000,,,,
 CO1_39R7,1075.707,0.011,29,1000000000,,,,
 CO0_39R6,1075.74,0.0112,28,1000000000,,,,
 CO1_39R6,1075.756,0.0112,29,1000000000,,,,
 CO0_39R5,1075.792,0.0116,28,1000000000,,,,
 CO1_39R5,1075.8049,0.0116,29,1000000000,,,,
 CO0_39R4,1075.842,0.0122,28,1000000000,,,,
 CO1_39R4,1075.853,0.0122,29,1000000000,,,,
 CO0_39R3,1075.891,0.013,28,1000000000,,,,
 CO1_39R3,1075.8999,0.013,29,1000000000,,,,
 CO0_39R2,1075.9401,0.0146,28,1000000000,,,,
 CO1_39R2,1075.947,0.0146,29,1000000000,,,,
 CO0_39R1,1075.9871,0.0182,28,1000000000,,,,
 CO1_39R1,1075.9919,0.0182,29,1000000000,,,,
 CO0_39R0,1076.0341,0.0365,28,1000000000,,,,
 CO1_39R0,1076.036,0.0365,29,1000000000,,,,
 CO0_39Q9,1076.048,0.0182,28,1000000000,,,,
 CO1_39Q9,1076.05,0.0182,29,1000000000,,,,
 CO0_39Q8,1076.054,0.0182,28,1000000000,,,,
 CO1_39Q8,1076.056,0.0182,29,1000000000,,,,
 CO0_39Q7,1076.0601,0.0182,28,1000000000,,,,
 CO1_39Q7,1076.062,0.0182,29,1000000000,,,,
 CO0_39Q6,1076.064,0.0182,28,1000000000,,,,
 CO1_39Q6,1076.0659,0.0182,29,1000000000,,,,
 CO0_39Q5,1076.0691,0.0182,28,1000000000,,,,
 CO1_39Q5,1076.0701,0.0182,29,1000000000,,,,
 CO0_39Q4,1076.072,0.0182,28,1000000000,,,,
 CO1_39Q4,1076.073,0.0182,29,1000000000,,,,
 CO0_39Q3,1076.075,0.0182,28,1000000000,,,,
 CO1_39Q3,1076.0759,0.0182,29,1000000000,,,,
 CO0_39Q2,1076.0769,0.0182,28,1000000000,,,,
 CO0_39Q1,1076.078,0.0182,28,1000000000,,,,
 CO1_39Q2,1076.078,0.0182,29,1000000000,,,,
 CO1_39Q1,1076.079,0.0182,29,1000000000,,,,
 CO1_39P2,1076.1641,0.00365,29,1000000000,,,,
 CO0_39P2,1076.167,0.00365,28,1000000000,,,,
 HDLP7V04,1076.183,0.008,3,1480000000,,,,
 CO1_39P3,1076.205,0.00521,29,1000000000,,,,
 CO0_39P3,1076.21,0.00521,28,1000000000,,,,
 CO1_39P4,1076.245,0.00608,29,1000000000,,,,
 CO0_39P4,1076.251,0.00608,28,1000000000,,,,
 CO1_39P5,1076.2841,0.00663,29,1000000000,,,,
 CO0_39P5,1076.292,0.00663,28,1000000000,,,,
 CO1_39P6,1076.322,0.00702,29,1000000000,,,,
 CO0_39P6,1076.332,0.00702,28,1000000000,,,,
 CO1_39P7,1076.359,0.0073,29,1000000000,,,,
 CO0_39P7,1076.37,0.0073,28,1000000000,,,,
 CO1_39P8,1076.395,0.00751,29,1000000000,,,,
 CO0_39P8,1076.408,0.00751,28,1000000000,,,,
 CO1_39P9,1076.4299,0.00768,29,1000000000,,,,
 CO0_39P9,1076.4451,0.00768,28,1000000000,,,,
 HDLP9V05,1076.5179,0.0101,3,1380000000,,,,
 FeIIer,1076.8518,0.039,56,112000000,,,,
 FeII977,1076.852,0.08472,56,10000000,,,,
 H2LR0V02,1077.141,0.0117,2,1630000000,,,,
 HDLR8V04,1077.28,0.007,3,1450000000,,,,
 H2LR1V02,1077.701,0.00772,2,1630000000,,,,
 H2LP7V04,1078.272,0.01,2,1420000000,,,,
 HDLP5V03,1078.765,0.00553,3,1570000000,,,,
 HDLR0V02,1078.848,0.00678,3,1670000000,,,,
 H2LP1V02,1078.928,0.00394,2,1630000000,,,,
 ClII*,1079.0797,0.00826,35,115000000,,,,
 H2LR2V02,1079.2271,0.00684,2,1620000000,,,,
 HDLR1V02,1079.255,0.0044,3,1660000000,,,,
 CrII,1079.293,0.00357,52,15300000,,,,
 H2LP5V03,1079.408,0.00789,2,1520000000,,,,
 HDLR6V03,1079.512,0.00516,3,1540000000,,,,
 CrII,1079.77,0.00000719,52,61700,,,,
 ClI,1079.8821,0.00698,35,79900000,,,,
 FeII,1079.8821,0.00000154,56,11000,,,,
 H2LR8V04,1079.931,0.0117,2,1380000000,,,,
 HDLP1V02,1080.205,0.00235,3,1670000000,,,,
 HDLR2V02,1080.385,0.00384,3,1660000000,,,,
 H2LR6V03,1080.501,0.00895,2,1490000000,,,,
 H2LP9V05,1080.827,0.0112,2,1320000000,,,,
 H2LP2V02,1081.2679,0.00473,2,1630000000,,,,
 H2LR3V02,1081.713,0.00637,2,1610000000,,,,
 FeII,1081.8748,0.0126,56,59800000,,,,
 FeII,1081.9352,0.000117,56,669000,,,,
 HDLP8V04,1081.9611,0.00804,3,1470000000,,,,
 HDLP2V02,1081.965,0.00286,3,1670000000,,,,
 CrII,1082.041,0.00269,52,15300000,,,,
 HDLR3V02,1082.233,0.00353,3,1660000000,,,,
 FeII977,1082.82,0.00001412,56,10000000,,,,
 HDLR9V04,1083.172,0.00671,3,1440000000,,,,
 HDLP6V03,1083.299,0.00561,3,1560000000,,,,
 FeII,1083.4204,0.0028,56,15900000,,,,
 FeII,1083.6295,0.00000254,56,18000,,,,
 N II,1083.9937,0.115,14,389000000,,,,
 HDLR7V03,1084.053,0.0049,3,1530000000,,,,
 CrII,1084.183,0.00177,52,15100000,,,,
 FeII*,1084.3879,0.000000001,56,100000000,,,,
 HDLP3V02,1084.4399,0.00308,3,1660000000,,,,
 H2LP3V02,1084.563,0.00504,2,1630000000,,,,
 N II*,1084.5659,0.0284,14,389000000,,,,
 N II*,1084.5841,0.0861,14,388000000,,,,
 ClI,1084.667,0.032,35,181000000,,,,
 HDLR4V02,1084.795,0.00329,3,1650000000,,,,
 FeII,1084.9315,0.00000481,56,27200,,,,
 FeII,1084.9917,0.000178,56,842000,,,,
 FeII,1085.1381,0.000127,56,898000,,,,
 H2LR4V02,1085.147,0.00604,2,1600000000,,,,
 ClI,1085.1709,0.0000732,35,829000,,,,
 ClI,1085.3035,0.000581,35,3290000,,,,
 H2LP6V03,1085.392,0.00792,2,1510000000,,,,
 GeII,1085.5129,0.000000001,73,100000000,,,,
 N II**,1085.5328,0.0011,14,389000000,,,,
 N II**,1085.5511,0.0167,14,388000000,,,,
 FeII,1085.5785,0.0000571,56,323000,,,,
 N II**,1085.7096,0.0957,14,387000000,,,,
 H2LP8V04,1085.88,0.01,2,1410000000,,,,
 FeII,1085.903,0.00000277,56,19600,,,,
 H2LR7V03,1086.636,0.00862,2,1480000000,,,,
 CO0_40R9,1087.431,0.0326,28,1000000000,,,,
 CO1_40R9,1087.452,0.0326,29,1000000000,,,,
 CO0_40R8,1087.4819,0.0328,28,1000000000,,,,
 CO1_40R8,1087.5,0.0328,29,1000000000,,,,
 CO0_40R7,1087.532,0.033,28,1000000000,,,,
 CO1_40R7,1087.548,0.033,29,1000000000,,,,
 CO0_40R6,1087.5811,0.0333,28,1000000000,,,,
 CO1_40R6,1087.595,0.0333,29,1000000000,,,,
 HDLP4V02,1087.6219,0.00321,3,1660000000,,,,
 CO0_40R5,1087.63,0.0338,28,1000000000,,,,
 CO1_40R5,1087.642,0.0338,29,1000000000,,,,
 CO0_40R4,1087.678,0.0344,28,1000000000,,,,
 CO1_40R4,1087.688,0.0344,29,1000000000,,,,
 H2LR9V04,1087.692,0.0113,2,1360000000,,,,
 FeII**,1087.7249,0.000011,56,46700,,,,
 CO0_40R3,1087.726,0.0354,28,1000000000,,,,
 CO1_40R3,1087.734,0.0354,29,1000000000,,,,
 CO0_40R2,1087.7739,0.0371,28,1000000000,,,,
 CO1_40R2,1087.78,0.0371,29,1000000000,,,,
 CO0_40R1,1087.8209,0.0413,28,1000000000,,,,
 CO1_40R1,1087.825,0.0413,29,1000000000,,,,
 CO0_40R0,1087.8669,0.0619,28,1000000000,,,,
 CO1_40R0,1087.869,0.0619,29,1000000000,,,,
 FeII*,1087.9559,0.0107,56,48200000,,,,
 CO1_40P1,1087.957,0.0206,29,1000000000,,,,
 CO0_40P1,1087.959,0.0206,28,1000000000,,,,
 CO1_40P2,1088,0.0247,29,1000000000,,,,
 CO0_40P2,1088.004,0.0247,28,1000000000,,,,
 CO1_40P3,1088.042,0.0265,29,1000000000,,,,
 CO0_40P3,1088.048,0.0265,28,1000000000,,,,
 ClI,1088.059,0.081,35,304000000,,,,
 HDLR5V02,1088.063,0.00309,3,1640000000,,,,
 CO1_40P4,1088.084,0.0275,29,1000000000,,,,
 CO0_40P4,1088.0919,0.0275,28,1000000000,,,,
 CO1_40P5,1088.126,0.0281,29,1000000000,,,,
 CO0_40P5,1088.136,0.0281,28,1000000000,,,,
 CO1_40P6,1088.167,0.0286,29,1000000000,,,,
 CO0_40P6,1088.179,0.0286,28,1000000000,,,,
 CO1_40P7,1088.208,0.0289,29,1000000000,,,,
 CO0_40P7,1088.2209,0.0289,28,1000000000,,,,
 CO1_40P8,1088.248,0.0291,29,1000000000,,,,
 CO0_40P8,1088.2631,0.0291,28,1000000000,,,,
 CO1_40P9,1088.287,0.0293,29,1000000000,,,,
 CO0_40P9,1088.3049,0.0293,28,1000000000,,,,
 HDLP9V04,1088.374,0.00805,3,1460000000,,,,
 HDLP7V03,1088.437,0.00564,3,1550000000,,,,
 GeIII,1088.5,1.79,73,3360000000,,,,
 H2LP4V02,1088.798,0.00519,2,1620000000,,,,
 HDLR8V03,1089.34,0.00466,3,1520000000,,,,
 FeII*,1089.4799,0.000305,56,1370000,,,,
 H2LR5V02,1089.516,0.00574,2,1590000000,,,,
 FeII*,1089.6881,0.00556,56,31200000,,,,
 ClI*,1090.2706,0.0246,35,138000000,,,,
 ClI,1090.7386,0.0068,35,38100000,,,,
 FeII977,1090.864,0.00001273,56,10000000,,,,
 ClI,1090.9814,0.00102,35,3810000,,,,
 FeII*,1091.2987,0.000496,56,3710000,,,,
 HDLP5V02,1091.5031,0.00328,3,1660000000,,,,
 HDLR6V02,1092.027,0.00291,3,1630000000,,,,
 HDLR0V01,1092.041,0.003,3,1770000000,,,,
 ClI,1092.1287,0.00176,35,19700000,,,,
 H2LR0V01,1092.202,0.00581,2,1740000000,,,,
 H2LP7V03,1092.25,0.0079,2,1500000000,,,,
 HDLR1V01,1092.432,0.00194,3,1760000000,,,,
 ClI,1092.4365,0.00227,35,12700000,,,,
 H2LR1V01,1092.739,0.0038,2,1740000000,,,,
 FeII**,1093.0577,0.00935,56,39200000,,,,
 FeII977,1093.178,0.00000113,56,10000000,,,,
 HDLP1V01,1093.444,0.00105,3,1770000000,,,,
 HDLR2V01,1093.551,0.00168,3,1760000000,,,,
 H2LR8V03,1093.634,0.00828,2,1460000000,,,,
 H2LP5V02,1093.958,0.00525,2,1610000000,,,,
 H2LP1V01,1094.059,0.00198,2,1740000000,,,,
 H2LR2V01,1094.251,0.00333,2,1730000000,,,,
 HDLP8V03,1094.281,0.00564,3,1540000000,,,,
 H2LP9V04,1094.304,0.00998,2,1400000000,,,,
 FeII977,1094.313,1.75E-07,56,10000000,,,,
 FeII**,1094.6782,0.00853,56,47500000,,,,
 ClI,1094.7686,0.0166,35,61600000,,,,
 H2LR6V02,1094.801,0.00546,2,1580000000,,,,
 FeII977,1094.838,8.89E-07,56,10000000,,,,
 ClI*,1095.1482,0.0151,35,42000000,,,,
 HDLP2V01,1095.234,0.00127,3,1770000000,,,,
 HDLR9V03,1095.278,0.00442,3,1510000000,,,,
 HDLR3V01,1095.394,0.00153,3,1750000000,,,,
 ClI*,1095.6619,0.00145,35,8060000,,,,
 ClI*,1095.797,0.0693,35,192000000,,,,
 FeII977,1095.909,0.000002051,56,10000000,,,,
 FeII**,1095.9113,0.000726,56,6050000,,,,
 FeII977,1096.019,8.11E-07,56,10000000,,,,
 HDLP6V02,1096.073,0.00331,3,1650000000,,,,
 H2LP2V01,1096.446,0.00238,2,1740000000,,,,
 FeII*,1096.6073,0.0203,56,150000000,,,,
 HDLR7V02,1096.677,0.00273,3,1620000000,,,,
 H2LR3V01,1096.731,0.00307,2,1720000000,,,,
 FeII**,1096.7823,0.0101,56,83700000,,,,
 ClI,1096.8098,0.0109,35,60400000,,,,
 FeII,1096.877,0.032,56,226000000,,,,
 FeII***,1097.019,0.00824,56,30400000,,,,
 ClI,1097.3691,0.0088,35,32500000,,,,
 HDLP3V01,1097.743,0.00137,3,1760000000,,,,
 HDLR4V01,1097.957,0.00141,3,1740000000,,,,
 ClI,1098.0684,0.000268,35,2970000,,,,
 FeII***,1098.2574,0.0127,56,70300000,,,,
 CO0_41R9,1098.64,0.0000197,28,3.33E+11,,,,
 CO0_41R8,1098.675,0.0000198,28,3.33E+11,,,,
 CO0_41R7,1098.712,0.00002,28,3.33E+11,,,,
 GeII,1098.714,0.000000001,73,100000000,,,,
 CO0_41R6,1098.75,0.0000202,28,3.33E+11,,,,
 CO0_41R5,1098.7889,0.0000204,28,3.33E+11,,,,
 CO0_41R4,1098.829,0.0000208,28,3.33E+11,,,,
 CO0_41R3,1098.87,0.0000214,28,3.33E+11,,,,
 CO0_41R2,1098.912,0.0000224,28,3.33E+11,,,,
 CO0_41R1,1098.955,0.000025,28,3.33E+11,,,,
 CO0_41R0,1098.999,0.0000374,28,3.33E+11,,,,
 FeII***,1099.0447,0.0021,56,23200000,,,,
 CO0_41P1,1099.0911,0.0000125,28,3.33E+11,,,,
 FeII***,1099.1323,0.0132,56,73100000,,,,
 CO0_41P2,1099.1381,0.000015,28,3.33E+11,,,,
 CO0_41P3,1099.187,0.000016,28,3.33E+11,,,,
 CO0_41P4,1099.2369,0.0000166,28,3.33E+11,,,,
 CO0_41P5,1099.287,0.000017,28,3.33E+11,,,,
 CO0_41P6,1099.339,0.0000173,28,3.33E+11,,,,
 CO0_41P7,1099.392,0.0000175,28,3.33E+11,,,,
 CO0_41P8,1099.446,0.0000176,28,3.33E+11,,,,
 CO0_41P9,1099.501,0.0000177,28,3.33E+11,,,,
 ClI,1099.5229,0.0114,35,62900000,,,,
 FeII977,1099.639,0.00007128,56,10000000,,,,
 FeIIer,1099.6395,0.00539,56,14900000,,,,
 CO1_41R9,1099.644,0.0000197,29,3.33E+11,,,,
 CO1_41R8,1099.678,0.0000198,29,3.33E+11,,,,
 CO1_41R7,1099.713,0.0000199,29,3.33E+11,,,,
 CO1_41R6,1099.749,0.0000201,29,3.33E+11,,,,
 CO1_41R5,1099.787,0.0000204,29,3.33E+11,,,,
 H2LP3V01,1099.795,0.00255,2,1740000000,,,,
 CO1_41R4,1099.825,0.0000208,29,3.33E+11,,,,
 CO1_41R3,1099.864,0.0000214,29,3.33E+11,,,,
 CO1_41R2,1099.905,0.0000224,29,3.33E+11,,,,
 CO1_41R1,1099.946,0.0000249,29,3.33E+11,,,,
 H2LP8V03,1099.959,0.00786,2,1490000000,,,,
 CO1_41R0,1099.988,0.0000374,29,3.33E+11,,,,
 FeII**,1100.0198,0.0135,56,74200000,,,,
 H2LP6V02,1100.0229,0.00525,2,1600000000,,,,
 CO1_41P1,1100.0759,0.0000125,29,3.33E+11,,,,
 CO1_41P2,1100.1219,0.0000149,29,3.33E+11,,,,
 CO1_41P3,1100.168,0.000016,29,3.33E+11,,,,
 H2LR4V01,1100.1689,0.00286,2,1710000000,,,,
 CO1_41P4,1100.2159,0.0000166,29,3.33E+11,,,,
 CO1_41P5,1100.265,0.000017,29,3.33E+11,,,,
 CO1_41P6,1100.314,0.0000172,29,3.33E+11,,,,
 CO1_41P7,1100.365,0.0000174,29,3.33E+11,,,,
 CO1_41P8,1100.416,0.0000176,29,3.33E+11,,,,
 FeIIer,1100.4288,0.0128,56,70600000,,,,
 FeII977,1100.429,0.01995,56,10000000,,,,
 CO1_41P9,1100.469,0.0000177,29,3.33E+11,,,,
 FeIIer,1100.5166,0.0232,56,63800000,,,,
 FeII977,1100.517,0.0389,56,10000000,,,,
 HDLP9V03,1100.767,0.00561,3,1530000000,,,,
 HDLP4V01,1100.9659,0.00143,3,1760000000,,,,
 H2LR7V02,1100.983,0.00519,2,1560000000,,,,
 HDLR5V01,1101.2321,0.00131,3,1730000000,,,,
 HDLP7V02,1101.319,0.00331,3,1640000000,,,,
 ClI*,1101.3381,0.00671,35,18400000,,,,
 H2LR9V03,1101.469,0.00794,2,1440000000,,,,
 FeII*,1101.526,0.00822,56,45200000,,,,
 FeII,1101.5566,0.00000238,56,16300,,,,
 V II*,1101.851,0.000116,51,381000,,,,
 ClI,1101.9362,0.0113,35,41400000,,,,
 HDLR8V02,1101.999,0.00256,3,1600000000,,,,
 V II**,1102.062,0.00297,51,11700000,,,,
 FeII***,1102.3835,0.00629,56,23000000,,,,
 C I**,1102.41,0.000000001,12,100000000,,,,
 C I**,1102.551,0.000000001,12,100000000,,,,
 C I**,1102.666,0.000000001,12,100000000,,,,
 V II**,1102.666,0.0000409,51,160000,,,,
 V II**,1102.709,0.00893,51,49000000,,,,
 FeII*,1102.709,0.000000001,56,100000000,,,,
 ClI*,1102.7552,0.0124,35,68000000,,,,
 V II***,1102.8669,0.001,51,4260000,,,,
 V II,1102.9189,0.00351,51,6410000,,,,
 ClI*,1103.0691,0.00717,35,19700000,,,,
 C I**,1103.1899,0.000000001,12,100000000,,,,
 V II***,1103.212,0.0129,51,54900000,,,,
 V II***,1103.306,0.00157,51,8600000,,,,
 C I,1103.316,0.000000001,12,100000000,,,,
 V II*,1103.358,0.0154,51,84400000,,,,
 C I*,1103.516,0.000000001,12,100000000,,,,
 C I,1103.629,0.0144,12,26200000,,,,
 V II**,1103.72,0.000184,51,718000,,,,
 C I*,1103.829,0.00286,12,15700000,,,,
 V IIer,1103.832,0.00152,51,6790000,,,,
 C I**,1103.845,0.000000001,12,100000000,,,,
 C I**,1103.865,0.000000001,12,100000000,,,,
 V II***,1103.911,0.0067,51,36700000,,,,
 V II***,1103.954,0.00303,51,23200000,,,,
 C I,1104.005,0.000000001,12,100000000,,,,
 V II*,1104.048,0.00137,51,4490000,,,,
 V II*,1104.088,0.00661,51,21700000,,,,
 H2LP4V01,1104.0909,0.00262,2,1730000000,,,,
 C I**,1104.158,0.000000001,12,100000000,,,,
 C I**,1104.165,0.000000001,12,100000000,,,,
 C I*,1104.205,0.000000001,12,100000000,,,,
 V II**,1104.218,0.00676,51,61600000,,,,
 V II,1104.332,0.00356,51,6500000,,,,
 C I**,1104.375,0.000000001,12,100000000,,,,
 V II*,1104.38,0.0161,51,264000000,,,,
 C I,1104.425,0.000719,12,1310000,,,,
 V IIer,1104.455,0.000473,51,2590000,,,,
 FeII**,1104.4695,0.00000935,56,76700,,,,
 C I**,1104.5341,0.000000001,12,100000000,,,,
 V IIer,1104.538,0.0422,51,189000000,,,,
 C I**,1104.542,0.000000001,12,100000000,,,,
 H2LR5V01,1104.553,0.00268,2,1700000000,,,,
 C I*,1104.625,0.000905,12,4950000,,,,
 C I**,1104.644,0.000000001,12,100000000,,,,
 V II*,1104.772,0.0163,51,89200000,,,,
 V IIer,1104.801,0.0567,51,310000000,,,,
 V II**,1104.891,0.0284,51,111000000,,,,
 HDLP5V01,1104.892,0.00145,3,1750000000,,,,
 V IIer,1104.894,0.000134,51,938000,,,,
 V II**,1104.9091,0.0231,51,126000000,,,,
 C I,1104.941,0.00361,12,6570000,,,,
 V II**,1104.949,0.0122,51,66600000,,,,
 C I**,1104.955,0.000000001,12,100000000,,,,
 C I**,1104.9659,0.000000001,12,100000000,,,,
 C I**,1104.9659,0.000000001,12,100000000,,,,
 V II***,1104.967,0.00186,51,10100000,,,,
 FeII**,1104.9694,0.00178,56,7280000,,,,
 C I*,1105.142,0.00286,12,15600000,,,,
 HDLR6V01,1105.2111,0.00122,3,1720000000,,,,
 C I**,1105.329,0.000000001,12,100000000,,,,
 V II*,1105.438,0.0319,51,104000000,,,,
 C I**,1105.472,0.000000001,12,100000000,,,,
 C I**,1105.474,0.000000001,12,100000000,,,,
 V IIer,1105.501,0.0398,51,279000000,,,,
 C I,1105.5291,0.00227,12,4130000,,,,
 V II***,1105.6021,0.00621,51,26300000,,,,
 V II**,1105.634,0.0134,51,122000000,,,,
 C I*,1105.73,0.0114,12,62000000,,,,
 C I**,1105.755,0.000000001,12,100000000,,,,
 V II**,1105.847,0.000581,51,2260000,,,,
 HDLR0V00,1105.907,0.000759,3,1880000000,,,,
 C I**,1106.0601,0.000000001,12,100000000,,,,
 C I**,1106.075,0.000000001,12,100000000,,,,
 V II***,1106.11,0.00818,51,34700000,,,,
 V II***,1106.141,0.000332,51,1810000,,,,
 V II***,1106.1591,0.00185,51,14100000,,,,
 FeII**,1106.1595,0.000134,56,732000,,,,
 V II***,1106.199,0.00479,51,36500000,,,,
 FeII,1106.2208,0.00000986,56,67200,,,,
 FeII*,1106.2457,0.000234,56,1270000,,,,
 C I,1106.25,0.000453,12,823000,,,,
 C I**,1106.26,0.000000001,12,100000000,,,,
 HDLR1V00,1106.277,0.000486,3,1870000000,,,,
 V II**,1106.302,0.000594,51,3240000,,,,
 C I,1106.316,0.00508,12,9230000,,,,
 V II*,1106.335,0.0166,51,271000000,,,,
 FeII,1106.3596,0.000394,56,2150000,,,,
 FeII**,1106.4325,0.000000001,56,100000000,,,,
 V II,1106.449,0.0239,51,43400000,,,,
 C I*,1106.451,0.000000001,12,100000000,,,,
 C I*,1106.517,0.000000001,12,100000000,,,,
 V IIer,1106.5601,0.0000415,51,290000,,,,
 V II,1106.571,0.123,51,224000000,,,,
 GeII*,1106.746,0.000000001,73,100000000,,,,
 C I**,1106.781,0.000000001,12,100000000,,,,
 V II*,1106.798,0.00708,51,23100000,,,,
 C I**,1106.8,0.000000001,12,100000000,,,,
 C I**,1106.847,0.000000001,12,100000000,,,,
 FeII***,1106.8525,0.0000219,56,119000,,,,
 C I**,1106.861,0.000000001,12,100000000,,,,
 V II*,1106.89,0.00741,51,40300000,,,,
 FeII***,1106.9645,0.0000074,56,80500,,,,
 H2LP7V02,1106.972,0.00522,2,1590000000,,,,
 V II*,1107.012,0.0118,51,64200000,,,,
 C I,1107.043,0.00036,12,653000,,,,
 V IIer,1107.089,0.0000382,51,170000,,,,
 V II***,1107.099,0.00125,51,6800000,,,,
 C I,1107.146,0.00114,12,2060000,,,,
 V IIer,1107.197,0.00229,51,12500000,,,,
 HDLP8V02,1107.228,0.00329,3,1630000000,,,,
 C I*,1107.245,0.000000001,12,100000000,,,,
 V II**,1107.343,0.00995,51,38700000,,,,
 C I*,1107.347,0.00143,12,7790000,,,,
 HDLP1V00,1107.361,0.000267,3,1880000000,,,,
 HDLR2V00,1107.379,0.000417,3,1870000000,,,,
 FeII,1107.412,0.00000311,56,21200,,,,
 ClI*,1107.5281,0.0128,35,34800000,,,,
 V IIer,1107.531,0.0368,51,164000000,,,,
 V II***,1107.5551,0.00589,51,44800000,,,,
 C I**,1107.576,0.000000001,12,100000000,,,,
 C I**,1107.59,0.000000001,12,100000000,,,,
 V II**,1107.6639,0.00508,51,27600000,,,,
 C I**,1107.678,0.000000001,12,100000000,,,,
 C I**,1107.702,0.000000001,12,100000000,,,,
 V IIer,1107.707,0.029,51,158000000,,,,
 V IIer,1107.7371,0.00613,51,42900000,,,,
 V II**,1107.756,0.0139,51,126000000,,,,
 V II**,1107.8781,0.00147,51,13300000,,,,
 C I,1107.908,0.000000001,12,100000000,,,,
 HDLR9V02,1107.9821,0.0024,3,1590000000,,,,
 FeII*,1107.9836,0.0000382,56,277000,,,,
 V II***,1107.9919,0.000477,51,2020000,,,,
 H2LR8V02,1108.041,0.00491,2,1550000000,,,,
 C I*,1108.11,0.000000001,12,100000000,,,,
 H2LR0V00,1108.139,0.00167,2,1860000000,,,,
 FeII977,1108.256,0.0001076,56,10000000,,,,
 FeIIer,1108.2563,0.000000001,56,100000000,,,,
 C I,1108.261,0.000000001,12,100000000,,,,
 C I,1108.282,0.000000001,12,100000000,,,,
 V II***,1108.349,0.0537,51,227000000,,,,
 FeIIer,1108.3687,0.000000001,56,100000000,,,,
 FeII977,1108.369,0.00000687,56,10000000,,,,
 C I**,1108.441,0.000000001,12,100000000,,,,
 V II*,1108.458,0.0434,51,141000000,,,,
 C I*,1108.462,0.000000001,12,100000000,,,,
 C I*,1108.483,0.000000001,12,100000000,,,,
 C I**,1108.4871,0.000000001,12,100000000,,,,
 H2LP9V03,1108.494,0.0078,2,1480000000,,,,
 FeII,1108.5037,0.0000448,56,203000,,,,
 FeII***,1108.5499,0.00000346,56,12500,,,,
 V II***,1108.598,0.0136,51,73900000,,,,
 H2LR1V00,1108.644,0.00108,2,1860000000,,,,
 V IIer,1108.699,0.000608,51,4240000,,,,
 C I**,1108.7939,0.000000001,12,100000000,,,,
 C I**,1108.803,0.000000001,12,100000000,,,,
 ClI*,1108.8113,0.00000348,35,18900,,,,
 C I**,1108.8149,0.000000001,12,100000000,,,,
 FeII***,1108.8239,0.0000219,56,119000,,,,
 V II***,1108.92,0.000187,51,1420000,,,,
 V II**,1108.972,0.0061,51,23600000,,,,
 C I,1109.041,0.00902,12,16300000,,,,
 HDLP2V00,1109.182,0.000324,3,1880000000,,,,
 HDLR3V00,1109.209,0.000376,3,1860000000,,,,
 C I*,1109.243,0.000000001,12,100000000,,,,
 H2LP5V01,1109.3199,0.00264,2,1720000000,,,,
 V II**,1109.326,0.00129,51,7000000,,,,
 V II**,1109.4821,0.0617,51,239000000,,,,
 HDLP6V01,1109.512,0.00146,3,1740000000,,,,
 C I**,1109.575,0.000000001,12,100000000,,,,
 V IIer,1109.594,0.000558,51,3020000,,,,
 C I**,1109.605,0.000000001,12,100000000,,,,
 C I,1109.6331,0.00716,12,12900000,,,,
 C I,1109.681,0.000000001,12,100000000,,,,
 FeII**,1109.7186,0.000227,56,922000,,,,
 C I*,1109.835,0.000000001,12,100000000,,,,
 FeII*,1109.8407,0.0000589,56,425000,,,,
 V II***,1109.861,0.015,51,63100000,,,,
 H2LR6V01,1109.865,0.00251,2,1680000000,,,,
 C I*,1109.8831,0.000000001,12,100000000,,,,
 HDLR7V01,1109.8831,0.00113,3,1710000000,,,,
 V IIer,1109.953,0.00542,51,29300000,,,,
 V IIer,1110,0.00618,51,27400000,,,,
 H2LP1V00,1110.074,0.000577,2,1870000000,,,,
 H2LR2V00,1110.131,0.000936,2,1850000000,,,,
 C I**,1110.168,0.000000001,12,100000000,,,,
 C I**,1110.198,0.000000001,12,100000000,,,,
 V IIer,1110.202,0.0019,51,13200000,,,,
 C I**,1110.2159,0.000000001,12,100000000,,,,
 V II***,1110.231,0.00769,51,41600000,,,,
 FeIIer,1110.2328,0.000106,56,287000,,,,
 FeII977,1110.233,0.00015,56,10000000,,,,
 FeII,1110.2803,0.000165,56,894000,,,,
 ClI*,1110.2947,0.031,35,83900000,,,,
 C I,1110.441,0.00359,12,6470000,,,,
 FeII,1110.5833,0.000469,56,2540000,,,,
 V II***,1110.5861,0.00105,51,7960000,,,,
 C I*,1110.6429,0.000000001,12,100000000,,,,
 V IIer,1110.661,0.0000235,51,104000,,,,
 V II***,1110.743,0.00811,51,43800000,,,,
 FeII*,1110.9497,0.000469,56,2530000,,,,
 C I**,1110.976,0.000000001,12,100000000,,,,
 C I**,1111.01,0.000000001,12,100000000,,,,
 FeII*,1111.0897,0.00126,56,5430000,,,,
 C I,1111.42,0.00899,12,16200000,,,,
 FeII**,1111.4675,0.000022,56,119000,,,,
 V IIer,1111.469,0.00016,51,865000,,,,
 FeII**,1111.5778,0.00015,56,1220000,,,,
 C I*,1111.623,0.00358,12,19300000,,,,
 HDLP3V00,1111.725,0.00035,3,1870000000,,,,
 C I*,1111.726,0.012,12,38900000,,,,
 HDLR4V00,1111.764,0.000344,3,1850000000,,,,
 V IIer,1111.84,0.0002,51,1390000,,,,
 C I**,1111.957,0.000000001,12,100000000,,,,
 C I**,1112.002,0.000000001,12,100000000,,,,
 FeII**,1112.0277,0.00000329,56,26600,,,,
 FeII,1112.048,0.0062,56,20000000,,,,
 C I**,1112.058,0.0134,12,51800000,,,,
 C I**,1112.0601,0.0024,12,12900000,,,,
 FeII977,1112.077,0.000008472,56,10000000,,,,
 FeII*,1112.1512,0.000944,56,5090000,,,,
 C I,1112.2679,0.016,12,28800000,,,,
 V IIer,1112.353,0.000166,51,1150000,,,,
 FeII,1112.4662,0.000000001,56,100000000,,,,
 C I*,1112.472,0.004,12,21600000,,,,
 H2LP2V00,1112.5081,0.000696,2,1860000000,,,,
 H2LR3V00,1112.594,0.00085,2,1840000000,,,,
 C I**,1112.806,0.00016,12,1440000,,,,
 FeII977,1112.812,0.000003027,56,10000000,,,,
 C I**,1112.823,0.0000186,12,71600,,,,
 FeII**,1113.3362,0.00133,56,7140000,,,,
 FeII***,1113.7643,0.000152,56,1640000,,,,
 HDLP9V02,1113.785,0.00324,3,1620000000,,,,
 C I,1113.793,0.00401,12,7180000,,,,
 FeII***,1113.8809,0.00000581,56,20800,,,,
 FeII***,1113.9915,0.000879,56,4720000,,,,
 C I*,1113.9969,0.000000001,12,100000000,,,,
 C I*,1114.126,0.00847,12,27300000,,,,
 C I**,1114.332,0.000000001,12,100000000,,,,
 C I**,1114.3831,0.000000001,12,100000000,,,,
 FeII***,1114.4435,0.000114,56,614000,,,,
 FeII**,1114.4521,0.000664,56,2670000,,,,
 C I**,1114.457,0.00949,12,36400000,,,,
 C I**,1114.4611,0.00169,12,9100000,,,,
 C I,1114.626,0.0113,12,20200000,,,,
 H2LP8V02,1114.782,0.00516,2,1580000000,,,,
 HDLP7V01,1114.813,0.00145,3,1730000000,,,,
 C I*,1114.83,0.00282,12,15200000,,,,
 HDLP4V00,1114.983,0.000361,3,1870000000,,,,
 HDLR5V00,1115.037,0.000314,3,1840000000,,,,
 FeII*,1115.0439,0.000467,56,2000000,,,,
 C I**,1115.166,0.000113,12,1010000,,,,
 FeIIer,1115.1857,0.00074,56,3970000,,,,
 FeII977,1115.186,0.0006095,56,10000000,,,,
 C I**,1115.225,0.0000248,12,94900,,,,
 HDLR8V01,1115.236,0.00104,3,1700000000,,,,
 FeII*,1115.3496,0.0011,56,4720000,,,,
 FeIIer,1115.4135,0.000537,56,1440000,,,,
 FeII977,1115.414,9.55E-07,56,10000000,,,,
 H2LP6V01,1115.463,0.00263,2,1710000000,,,,
 FeII**,1115.6613,0.000604,56,2430000,,,,
 FeII***,1115.7577,0.000728,56,2600000,,,,
 FeIIer,1115.8666,0.0000564,56,151000,,,,
 FeII977,1115.867,0.000381,56,10000000,,,,
 H2LP3V00,1115.907,0.000743,2,1860000000,,,,
 H2LR9V02,1115.95,0.00463,2,1530000000,,,,
 H2LR4V00,1116.025,0.00078,2,1830000000,,,,
 H2LR7V01,1116.0861,0.00234,2,1670000000,,,,
 C I,1117,0.000389,12,693000,,,,
 C I,1117.1331,0.000231,12,411000,,,,
 C I*,1117.205,0.000000713,12,3810,,,,
 C I*,1117.244,0.0000635,12,204000,,,,
 FeII*,1117.2487,0.00000145,56,7740,,,,
 C I*,1117.338,0.0000485,12,259000,,,,
 C I*,1117.3929,0.00424,12,13600000,,,,
 C I**,1117.542,0.0000195,12,174000,,,,
 C I**,1117.5811,0.0000538,12,287000,,,,
 C I**,1117.604,0.00475,12,18100000,,,,
 C I**,1117.6217,0.000011,12,41900,,,,
 C I**,1117.675,0.0000581,12,517000,,,,
 C I*,1117.6899,0.000148,12,475000,,,,
 C I**,1117.73,0.000847,12,4520000,,,,
 C I*,1117.8051,0.000000001,12,100000000,,,,
 V III,1117.847,0.000984,51,3500000,,,,
 C I,1117.865,0.00565,12,10000000,,,,
 C I,1117.9202,0.000356,12,634000,,,,
 P V,1117.9774,0.473,31,1260000000,,,,
 C I**,1118.03,0.000267,12,1430000,,,,
 C I*,1118.0699,0.00141,12,7530000,,,,
 C I*,1118.1254,0.000089,12,475000,,,,
 C I**,1118.142,0.000000001,12,100000000,,,,
 C I*,1118.15,0.000119,12,1900000,,,,
 MnII,1118.2061,0.0000916,55,489000,,,,
 C I*,1118.3798,0.000124,12,396000,,,,
 C I**,1118.408,0.0000565,12,502000,,,,
 C I**,1118.4631,0.000089,12,791000,,,,
 C I**,1118.491,0.00000935,12,49900,,,,
 C I**,1118.7177,0.0000647,12,345000,,,,
 HDLP5V00,1118.949,0.000365,3,1860000000,,,,
 HDLR6V00,1119.02,0.000287,3,1830000000,,,,
 FeII*,1119.2875,0.000000001,56,100000000,,,,
 V III*,1119.668,0.0102,51,54400000,,,,
 V III*,1120.172,0.000356,51,1420000,,,,
 H2LP4V00,1120.261,0.000762,2,1850000000,,,,
 H2LR5V00,1120.411,0.000717,2,1820000000,,,,
 GeII*,1120.4709,0.000000001,73,100000000,,,,
 HDLP8V01,1120.7841,0.00142,3,1720000000,,,,
 FeII**,1120.7911,0.00000537,56,21400,,,,
 V III,1121.158,0.0194,51,103000000,,,,
 HDLR9V01,1121.2581,0.000958,3,1680000000,,,,
 C I,1121.453,0.00178,12,3140000,,,,
 C I,1121.5197,0.000355,12,627000,,,,
 C I*,1121.641,0.000593,12,9430000,,,,
 C I*,1121.6591,0.000444,12,2360000,,,,
 C I,1121.7133,0.000000001,12,100000000,,,,
 C I*,1121.7261,0.000000341,12,1810,,,,
 C I*,1121.7581,0.000741,12,2360000,,,,
 C I*,1121.9198,0.000000001,12,100000000,,,,
 FeII,1121.9749,0.0202,56,192000000,,,,
 C I**,1121.999,0.000444,12,3920000,,,,
 C I*,1122.004,0.00441,12,14000000,,,,
 C I**,1122.0659,0.0000118,12,104000,,,,
 C I**,1122.098,0.00133,12,7060000,,,,
 V III**,1122.131,0.0303,51,214000000,,,,
 C I**,1122.1797,0.000447,12,1690000,,,,
 C I**,1122.2596,0.0141,12,125000000,,,,
 C I**,1122.327,0.00494,12,18700000,,,,
 C I**,1122.344,0.000883,12,4670000,,,,
 C I,1122.437,0.00588,12,10400000,,,,
 H2LP7V01,1122.499,0.00259,2,1700000000,,,,
 C I,1122.5183,0.00224,12,3950000,,,,
 FeIII,1122.524,0.0544,56,370000000,,,,
 MnII,1122.597,0.0000503,55,373000,,,,
 V III**,1122.637,0.00822,51,43500000,,,,
 C I*,1122.644,0.00147,12,7780000,,,,
 C I*,1122.7252,0.00056,12,2960000,,,,
 C I*,1122.7729,0.000745,12,11800000,,,,
 C I*,1122.795,0.000566,12,1800000,,,,
 FeII*,1122.8427,0.0257,56,181000000,,,,
 FeII**,1122.8428,0.000000001,56,100000000,,,,
 C I**,1122.985,0.0000588,12,518000,,,,
 V III*,1122.99,0.0452,51,358000000,,,,
 C I**,1123.0656,0.000559,12,4920000,,,,
 C I**,1123.1071,0.000214,12,809000,,,,
 C I*,1123.1191,0.00000553,12,17600,,,,
 CO0_42R9,1123.1331,0.000377,28,100000000,,,,
 C I**,1123.135,0.00000023,12,1210,,,,
 CO0_42R8,1123.181,0.000379,28,100000000,,,,
 H2LR8V01,1123.197,0.00217,2,1650000000,,,,
 CO0_42R7,1123.229,0.000382,28,100000000,,,,
 CO0_42R6,1123.278,0.000386,28,100000000,,,,
 CO0_42R5,1123.326,0.000391,28,100000000,,,,
 CO0_42R4,1123.374,0.000398,28,100000000,,,,
 CO0_42R3,1123.423,0.000409,28,100000000,,,,
 H2LP9V02,1123.429,0.00507,2,1560000000,,,,
 C I**,1123.46,0.0000121,12,63700,,,,
 CO0_42R2,1123.4709,0.00043,28,100000000,,,,
 CO0_42R1,1123.52,0.000477,28,100000000,,,,
 V III,1123.524,0.0561,51,593000000,,,,
 CO0_42R0,1123.568,0.000716,28,100000000,,,,
 HDLP6V00,1123.613,0.000364,3,1850000000,,,,
 CO0_42P1,1123.665,0.000239,28,100000000,,,,
 HDLR7V00,1123.704,0.000261,3,1810000000,,,,
 CO1_42R9,1123.7111,0.000377,29,100000000,,,,
 CO0_42P2,1123.714,0.000286,28,100000000,,,,
 CO1_42R8,1123.7571,0.000379,29,100000000,,,,
 CO0_42P3,1123.762,0.000307,28,100000000,,,,
 CO1_42R7,1123.803,0.000382,29,100000000,,,,
 CO0_42P4,1123.811,0.000318,28,100000000,,,,
 CO1_42R6,1123.85,0.000385,29,100000000,,,,
 CO0_42P5,1123.86,0.000325,28,100000000,,,,
 CO1_42R5,1123.896,0.00039,29,100000000,,,,
 CO0_42P6,1123.908,0.00033,28,100000000,,,,
 CO1_42R4,1123.943,0.000397,29,100000000,,,,
 CO0_42P7,1123.957,0.000334,28,100000000,,,,
 CO1_42R3,1123.989,0.000409,29,100000000,,,,
 CO0_42P8,1124.006,0.000337,28,100000000,,,,
 CO1_42R2,1124.035,0.000429,29,100000000,,,,
 CO0_42P9,1124.0541,0.000339,28,100000000,,,,
 CO1_42R1,1124.082,0.000477,29,100000000,,,,
 FeII**,1124.1227,0.0143,56,114000000,,,,
 CO1_42R0,1124.1281,0.000715,29,100000000,,,,
 CO1_42P1,1124.2209,0.000238,29,100000000,,,,
 CO1_42P2,1124.2681,0.000286,29,100000000,,,,
 V III,1124.298,0.000169,51,593000,,,,
 CO1_42P3,1124.314,0.000307,29,100000000,,,,
 CO1_42P4,1124.361,0.000318,29,100000000,,,,
 CO1_42P5,1124.407,0.000325,29,100000000,,,,
 CO1_42P6,1124.453,0.00033,29,100000000,,,,
 CO1_42P7,1124.5,0.000334,29,100000000,,,,
 CO1_42P8,1124.546,0.000337,29,100000000,,,,
 CO1_42P9,1124.593,0.000339,29,100000000,,,,
 FeIII*,1124.874,0.0358,56,264000000,,,,
 P II,1124.9452,0.00248,31,4360000,,,,
 FeII***,1125.3059,0.000000001,56,100000000,,,,
 FeII,1125.4478,0.016,56,103000000,,,,
 H2LP5V00,1125.553,0.000764,2,1840000000,,,,
 V III***,1125.699,0.0774,51,510000000,,,,
 H2LR6V00,1125.7371,0.000657,2,1800000000,,,,
 V III*,1126.14,0.00591,51,31100000,,,,
 FeII**,1126.4207,0.0248,56,130000000,,,,
 FeII***,1126.5914,0.0326,56,171000000,,,,
 FeIII**,1126.723,0.0186,56,163000000,,,,
 FeII*,1126.8397,0.012,56,63300000,,,,
 FeII*,1126.9553,0.00791,56,55400000,,,,
 P II*,1127.0359,0.000625,31,3280000,,,,
 FeII,1127.0984,0.00282,56,5890000,,,,
 HDLP9V01,1127.41,0.00139,3,1710000000,,,,
 FeII**,1127.8597,0.00352,56,27700000,,,,
 P V,1128.0078,0.234,31,1230000000,,,,
 FeIII*,1128.042,0.0179,56,94000000,,,,
 FeIIer,1128.0457,0.0536,56,140000000,,,,
 FeII977,1128.046,0.06776,56,10000000,,,,
 C I,1128.0811,0.00281,12,4910000,,,,
 C I,1128.1713,0.00112,12,1950000,,,,
 C I*,1128.252,0.000936,12,14700000,,,,
 C I*,1128.29,0.000702,12,3680000,,,,
 C I*,1128.3802,0.000000001,12,100000000,,,,
 C I*,1128.408,0.00117,12,3680000,,,,
 C I,1128.4771,0.000887,12,1550000,,,,
 FeII,1128.4832,0.0000573,56,300000,,,,
 FeII***,1128.5566,0.000847,56,8870000,,,,
 V III**,1128.631,0.0396,51,277000000,,,,
 C I**,1128.634,0.000702,12,6120000,,,,
 C I*,1128.6862,0.00284,12,14900000,,,,
 FeIII**,1128.718,0.0311,56,163000000,,,,
 C I**,1128.7241,0.000000001,12,100000000,,,,
 C I**,1128.752,0.0021,12,11000000,,,,
 C I*,1128.817,0.00662,12,20800000,,,,
 FeII***,1128.8995,0.0182,56,63300000,,,,
 C I**,1128.9028,0.00024,12,899000,,,,
 HDLP7V00,1128.963,0.000358,3,1840000000,,,,
 C I**,1129.0302,0.000000001,12,100000000,,,,
 C I*,1129.078,0.000301,12,943000,,,,
 HDLR8V00,1129.078,0.000237,3,1800000000,,,,
 C I**,1129.141,0.00741,12,27700000,,,,
 C I**,1129.161,0.00132,12,6920000,,,,
 FeIII***,1129.1851,0.0398,56,208000000,,,,
 V III,1129.1899,0.00102,51,5350000,,,,
 C I,1129.1949,0.00882,12,15400000,,,,
 C I,1129.3175,0.000721,12,1260000,,,,
 C I*,1129.405,0.00221,12,11500000,,,,
 C I**,1129.4222,0.000541,12,2830000,,,,
 C I*,1129.5269,0.00018,12,942000,,,,
 C I*,1129.5945,0.00024,12,3770000,,,,
 C I*,1129.624,0.00121,12,3800000,,,,
 C I**,1129.749,0.0000882,12,768000,,,,
 C I**,1129.8715,0.00018,12,1570000,,,,
 C I**,1129.925,0.000469,12,1750000,,,,
 C I**,1129.969,0.00000372,12,19500,,,,
 FeII977,1130.016,0.002825,56,10000000,,,,
 FeIIer,1130.0161,0.000773,56,4040000,,,,
 C I*,1130.1708,0.0000133,12,41600,,,,
 FeII*,1130.3427,0.00177,56,9260000,,,,
 FeII***,1130.3448,0.00238,56,12400000,,,,
 FeIIIer,1130.397,0.053,56,92200000,,,,
 H2LP8V01,1130.405,0.00254,2,1680000000,,,,
 FeII**,1130.4432,0.00785,56,30700000,,,,
 C I**,1130.5157,0.000024,12,125000,,,,
 FeII**,1130.5596,0.00269,56,14000000,,,,
 P II**,1130.9135,0.000138,31,1200000,,,,
 V III*,1131.048,0.017,51,133000000,,,,
 H2LR9V01,1131.172,0.00201,2,1630000000,,,,
 FeIII***,1131.189,0.0133,56,41500000,,,,
 H2LP6V00,1131.766,0.000754,2,1830000000,,,,
 FeIIer,1131.809,0.0000457,56,119000,,,,
 FeII977,1131.809,0.000005333,56,10000000,,,,
 FeIII**,1131.908,0.00355,56,13200000,,,,
 H2LR7V00,1131.986,0.0006,2,1780000000,,,,
 FeII*,1132.0079,0.00167,56,6960000,,,,
 ClI,1132.8528,0.0000169,35,176000,,,,
 FeII***,1133.0566,0.000000001,56,100000000,,,,
 FeII*,1133.4048,0.00625,56,26000000,,,,
 FeII,1133.6654,0.00552,56,30600000,,,,
 ClI,1133.9341,0.0000762,35,395000,,,,
 FeII**,1133.9688,0.00000774,56,30100,,,,
 V III*,1134.012,0.000493,51,1920000,,,,
 N I,1134.1653,0.0152,14,158000000,,,,
 N I,1134.4149,0.0297,14,154000000,,,,
 N I,1134.9803,0.0435,14,150000000,,,,
 HDLP8V00,1134.988,0.000348,3,1830000000,,,,
 HDLR9V00,1135.13,0.000213,3,1780000000,,,,
 ClI,1135.3311,0.0000864,35,298000,,,,
 NeV*,1136.271,0.000000626,20,6820,,,,
 V III**,1136.5389,0.00125,51,6440000,,,,
 CoII,1137.7061,0.00000676,59,44800,,,,
 V III,1137.9041,0.000566,51,1940000,,,,
 C I,1138.384,0.00335,12,5740000,,,,
 C I*,1138.557,0.00112,12,17200000,,,,
 C I,1138.5609,0.0012,12,2060000,,,,
 C I*,1138.597,0.000836,12,4300000,,,,
 FeII*,1138.6324,0.0106,56,54500000,,,,
 C I*,1138.743,0.00139,12,4300000,,,,
 C I*,1138.7738,0.000000149,12,766,,,,
 H2LP7V00,1138.88,0.000736,2,1820000000,,,,
 C I**,1138.947,0.000836,12,7160000,,,,
 C I,1139.0867,0.000697,12,1190000,,,,
 C I**,1139.093,0.00251,12,12900000,,,,
 C I**,1139.124,0.0000448,12,384000,,,,
 H2LR8V00,1139.14,0.000544,2,1760000000,,,,
 H2LP9V01,1139.158,0.00247,2,1670000000,,,,
 C I*,1139.2998,0.000000001,12,100000000,,,,
 C I**,1139.4257,0.000418,12,1530000,,,,
 C I*,1139.5145,0.0106,12,32600000,,,,
 C I**,1139.6503,0.000000001,12,100000000,,,,
 V III***,1139.677,0.00361,51,23100000,,,,
 C I*,1139.7659,0.00136,12,4200000,,,,
 V III*,1139.791,0.000323,51,1660000,,,,
 C I,1139.7919,0.0141,12,24100000,,,,
 C I**,1139.8121,0.0118,12,43400000,,,,
 C I**,1139.8651,0.00211,12,10800000,,,,
 C I*,1140.0052,0.00352,12,18100000,,,,
 C I,1140.0096,0.00327,12,5600000,,,,
 C I**,1140.1167,0.00246,12,12600000,,,,
 C I*,1140.223,0.000818,12,4200000,,,,
 C I*,1140.3165,0.00109,12,16800000,,,,
 C I**,1140.3562,0.000141,12,1200000,,,,
 C I*,1140.3575,0.00215,12,6620000,,,,
 C I**,1140.5741,0.000818,12,6990000,,,,
 FeII*,1140.5813,0.0000542,56,370000,,,,
 C I**,1140.6415,0.000853,12,3120000,,,,
 C I**,1140.7087,0.0000246,12,126000,,,,
 P II*,1141.0419,0.00016,31,490000,,,,
 CoII,1141.123,0.00000557,59,36700,,,,
 C I*,1141.3267,0.0000259,12,79500,,,,
 HDLP9V00,1141.674,0.000335,3,1810000000,,,,
 C I**,1141.6785,0.0000428,12,219000,,,,
 FeII**,1142.3119,0.0122,56,46700000,,,,
 V III**,1142.343,0.00118,51,8060000,,,,
 FeII,1142.3656,0.0042,56,25600000,,,,
 P II**,1142.8873,0.000258,31,940000,,,,
 FeII,1143.226,0.0177,56,98100000,,,,
 CoII*,1143.288,0.0000116,59,82600,,,,
 FeII**,1144.2736,0.0191,56,97500000,,,,
 ClI*,1144.2909,0.0000628,35,320000,,,,
 FeII,1144.9379,0.106,56,462000000,,,,
 P II**,1145.0166,0.0000303,31,154000,,,,
 ClI*,1145.394,0.000073,35,186000,,,,
 FeII**,1145.5153,0.00257,56,19600000,,,,
 NeV**,1145.647,0.000000961,20,6820,,,,
 V III**,1146.75,0.0113,51,45900000,,,,
 FeII***,1146.8315,0.0166,56,56200000,,,,
 H2LP8V00,1146.874,0.000711,2,1800000000,,,,
 FeII*,1146.9517,0.00655,56,44200000,,,,
 H2LR9V00,1147.175,0.000491,2,1740000000,,,,
 FeII*,1147.4092,0.0245,56,124000000,,,,
 CoII,1147.941,0.00025,59,1260000,,,,
 FeII***,1148.0789,0.0377,56,191000000,,,,
 FeII*,1148.2773,0.0828,56,335000000,,,,
 V III*,1148.4561,0.0201,51,76400000,,,,
 FeII***,1148.9564,0.00787,56,79500000,,,,
 FeII977,1149.589,0.02188,56,10000000,,,,
 FeIIer,1149.5892,0.0331,56,83600000,,,,
 CoII,1149.672,0.0000717,59,465000,,,,
 V III***,1149.9449,0.117,51,590000000,,,,
 P II*,1149.958,0.104,31,1250000000,,,,
 CO0_43R9,1149.988,0.00238,28,100000000,,,,
 CO1_43R9,1150.0039,0.00238,29,100000000,,,,
 CO0_43R8,1150.046,0.00239,28,100000000,,,,
 CO1_43R8,1150.059,0.0024,29,100000000,,,,
 CO0_43R7,1150.103,0.00241,28,100000000,,,,
 CO1_43R7,1150.113,0.00241,29,100000000,,,,
 CoII*,1150.1429,0.000207,59,1050000,,,,
 CO0_43R6,1150.1589,0.00243,28,100000000,,,,
 CO1_43R6,1150.167,0.00244,29,100000000,,,,
 CO0_43R5,1150.214,0.00246,28,100000000,,,,
 CO1_43R5,1150.22,0.00247,29,100000000,,,,
 V III,1150.245,0.0234,51,78800000,,,,
 MnII,1150.261,0.00000885,55,62500,,,,
 CO0_43R4,1150.269,0.00251,28,100000000,,,,
 CO1_43R4,1150.2729,0.00251,29,100000000,,,,
 FeII**,1150.2904,0.00574,56,43400000,,,,
 CO0_43R3,1150.323,0.00258,28,100000000,,,,
 CO1_43R3,1150.325,0.00259,29,100000000,,,,
 FeII,1150.3555,0.00000126,56,7950,,,,
 CO1_43R2,1150.376,0.00271,29,100000000,,,,
 CO0_43R2,1150.377,0.00271,28,100000000,,,,
 CO1_43R1,1150.426,0.00302,29,100000000,,,,
 CO0_43R1,1150.4299,0.00301,28,100000000,,,,
 FeII977,1150.469,0.03828,56,10000000,,,,
 FeIIer,1150.4691,0.0615,56,310000000,,,,
 CO1_43R0,1150.476,0.00453,29,100000000,,,,
 CO0_43R0,1150.4821,0.00452,28,100000000,,,,
 CO1_43P1,1150.574,0.00151,29,100000000,,,,
 CO0_43P1,1150.585,0.00151,28,100000000,,,,
 CO1_43P2,1150.6221,0.00181,29,100000000,,,,
 CO0_43P2,1150.635,0.00181,28,100000000,,,,
 CO1_43P3,1150.67,0.00194,29,100000000,,,,
 CO0_43P3,1150.684,0.00193,28,100000000,,,,
 FeII**,1150.6851,0.0212,56,107000000,,,,
 CO1_43P4,1150.7161,0.00201,29,100000000,,,,
 CO0_43P4,1150.733,0.00201,28,100000000,,,,
 CO1_43P5,1150.762,0.00206,29,100000000,,,,
 MnII,1150.7791,0.0000251,55,126000,,,,
 CO0_43P5,1150.781,0.00205,28,100000000,,,,
 CO1_43P6,1150.808,0.00209,29,100000000,,,,
 CO0_43P6,1150.829,0.00208,28,100000000,,,,
 CO1_43P7,1150.853,0.00211,29,100000000,,,,
 CO0_43P7,1150.876,0.00211,28,100000000,,,,
 CO1_43P8,1150.897,0.00213,29,100000000,,,,
 CO0_43P8,1150.922,0.00212,28,100000000,,,,
 CO1_43P9,1150.9401,0.00214,29,100000000,,,,
 CO0_43P9,1150.967,0.00214,28,100000000,,,,
 V III**,1151.047,0.0995,51,501000000,,,,
 FeII**,1151.1458,0.059,56,223000000,,,,
 CoII**,1151.806,0.000202,59,1010000,,,,
 V III*,1152.173,0.091,51,457000000,,,,
 FeII***,1152.4281,0.0023,56,23100000,,,,
 P II,1152.818,0.245,31,1230000000,,,,
 FeII***,1152.8755,0.0132,56,66300000,,,,
 V III,1153.179,0.103,51,517000000,,,,
 FeII***,1153.2719,0.0366,56,122000000,,,,
 CoII*,1153.636,0.0000002,59,1000,,,,
 FeIIer,1153.95,0.0053,56,26500000,,,,
 FeII977,1153.95,0.052,56,10000000,,,,
 P II**,1153.9951,0.186,31,1250000000,,,,
 V III***,1154.266,0.00883,51,55300000,,,,
 FeIIer,1154.3986,0.0182,56,45600000,,,,
 FeII977,1154.399,0.04666,56,10000000,,,,
 V III**,1154.781,0.0141,51,94200000,,,,
 P II*,1155.0137,0.061,31,1230000000,,,,
 V III*,1155.1169,0.0144,51,108000000,,,,
 ClV,1155.5,0.00000388,35,112000,,,,
 CoII*,1155.542,0.0000674,59,472000,,,,
 H2LP9V00,1155.7271,0.000681,2,1780000000,,,,
 C I,1155.8092,0.00606,12,10100000,,,,
 C I*,1155.9792,0.00202,12,30200000,,,,
 C I*,1156.0286,0.00151,12,7560000,,,,
 C I,1156.1842,0.0000282,12,46900,,,,
 C I*,1156.1992,0.00252,12,7550000,,,,
 FeII,1156.3,3.18E-08,56,199,,,,
 C I**,1156.3895,0.00151,12,12600000,,,,
 C I*,1156.4037,0.00156,12,7780000,,,,
 C I**,1156.5603,0.00454,12,22600000,,,,
 MnII,1156.748,0.00000193,55,7490,,,,
 C I**,1156.7648,0.000514,12,4270000,,,,
 P II*,1156.9702,0.0816,31,1220000000,,,,
 C I,1157.1857,0.00055,12,912000,,,,
 C I**,1157.33,0.000647,12,2300000,,,,
 C I*,1157.4056,0.000897,12,4470000,,,,
 C I**,1157.7675,0.000000001,12,100000000,,,,
 C I*,1157.7697,0.0183,12,54600000,,,,
 C I,1157.9097,0.0244,12,40500000,,,,
 C I**,1158.0188,0.0205,12,72800000,,,,
 C I*,1158.0349,0.00232,12,6930000,,,,
 C I*,1158.1299,0.0061,12,30300000,,,,
 C I**,1158.1317,0.00366,12,18200000,,,,
 C I,1158.324,0.00557,12,9240000,,,,
 C I**,1158.3971,0.00418,12,20800000,,,,
 C I**,1158.4921,0.000244,12,2020000,,,,
 C I*,1158.5443,0.00139,12,6920000,,,,
 C I*,1158.6744,0.00186,12,27700000,,,,
 C I*,1158.7321,0.00187,12,5590000,,,,
 CoII**,1158.764,0.0000254,59,90000,,,,
 C I**,1158.9069,0.00139,12,11500000,,,,
 C I**,1158.9668,0.00126,12,4480000,,,,
 P II**,1159.0865,0.062,31,1230000000,,,,
 C I**,1159.0947,0.0000399,12,198000,,,,
 CoII**,1159.421,0.0000637,59,527000,,,,
 V III***,1159.749,0.0165,51,68100000,,,,
 N I,1159.8168,0.00000851,14,42200,,,,
 C I*,1160.5131,0.0000593,12,176000,,,,
 CoII*,1160.605,0.0000216,59,83300,,,,
 C I**,1160.8768,0.0000815,12,403000,,,,
 N I,1160.9366,0.0000024,14,23800,,,,
 MnII,1162.015,0.0102,55,39000000,,,,
 F V,1162.203,5.26E-08,19,1110,,,,
 CoII**,1162.308,0.0000434,59,153000,,,,
 CoII*,1162.375,0.00000037,59,1830,,,,
 ClV,1162.8,0.00005,35,394000,,,,
 MnII,1162.938,1.07E-09,55,7.41,,,,
 V III**,1163.265,0.0175,51,69000000,,,,
 MnII,1163.326,0.00721,55,35500000,,,,
 MnII,1163.432,0.000000125,55,615,,,,
 MnII,1164.208,0.0047,55,32400000,,,,
 CoII**,1164.244,0.00000356,59,17500,,,,
 GeII,1164.272,0.000000001,73,100000000,,,,
 ClV*,1164.3,0.0000973,35,319000,,,,
 F V,1165.634,0.00000097,19,9390,,,,
 V III*,1166.45,0.018,51,66100000,,,,
 V III***,1166.554,0.000145,51,712000,,,,
 ClI,1167.1479,0.203,35,1990000000,,,,
 F V*,1167.3719,0.00000114,19,3720,,,,
 FeII977,1168.676,0.00001205,56,10000000,,,,
 V III**,1169.1219,0.000537,51,2620000,,,,
 V III,1169.262,0.0192,51,62500000,,,,
 FeII977,1170.799,0.00002123,56,10000000,,,,
 CoII**,1171.1801,0.000000059,59,205,,,,
 V III*,1171.255,0.000857,51,4170000,,,,
 F V*,1172.347,0.000000202,19,1110,,,,
 V III***,1172.444,0.00000424,51,25700,,,,
 V III**,1173.95,2.05E-10,51,1.32,,,,
 ArV*,1174.6,0.0000111,40,125000,,,,
 ClV*,1175.8,0.0000213,35,112000,,,,
 F V*,1175.838,0.00000048,19,9390,,,,
 ClI*,1179.2927,0.204,35,977000000,,,,
 ClV*,1183.3,0.0000154,35,394000,,,,
 CoII,1187.417,0.00743,59,45200000,,,,
 CoII,1188.49,0.00231,59,10900000,,,,
 GeII*,1188.733,0.000000001,73,100000000,,,,
 ClI,1188.7515,0.0055,35,219000000,,,,
 ClI,1188.7742,0.0701,35,221000000,,,,
 C I,1188.8329,0.0107,12,16800000,,,,
 C I*,1188.9928,0.00458,12,64800000,,,,
 GeIV,1189.028,0.53,73,1250000000,,,,
 C I*,1189.0649,0.00388,12,18300000,,,,
 C I*,1189.2488,0.00284,12,8030000,,,,
 C I**,1189.4468,0.00336,12,26400000,,,,
 C I**,1189.6307,0.00957,12,45100000,,,,
 C I,1190.0209,0.000468,12,735000,,,,
 S III,1190.203,0.0231,32,65100000,,,,
 C I*,1190.2535,0.000125,12,587000,,,,
 SiII,1190.4158,0.293,28,4100000000,,,,
 C I**,1190.636,0.000726,12,5690000,,,,
 C I**,1191.842,0.00065,12,2180000,,,,
 CoII,1192.213,0.000104,59,400000,,,,
 C I,1192.2158,0.000831,12,1300000,,,,
 FeII,1192.3046,3.19E-09,56,15,,,,
 ArV**,1192.4,0.0000197,40,125000,,,,
 CoII,1192.4301,0.0000567,59,342000,,,,
 C I*,1192.4492,0.00141,12,6630000,,,,
 C I**,1192.8333,0.00028,12,2190000,,,,
 C I*,1193.0085,0.0291,12,81700000,,,,
 C I,1193.03,0.0451,12,70500000,,,,
 C I**,1193.2401,0.0365,12,122000000,,,,
 C I*,1193.2637,0.0103,12,48400000,,,,
 SiII,1193.2897,0.585,28,4090000000,,,,
 TiIII,1193.3621,0.000156,48,1220000,,,,
 C I**,1193.3928,0.00873,12,40900000,,,,
 C I**,1193.6483,0.000343,12,2680000,,,,
 C I*,1193.6786,0.0102,12,28600000,,,,
 C I,1193.9954,0.0128,12,20000000,,,,
 S III*,1194.058,0.0173,32,64500000,,,,
 C I**,1194.0634,0.00584,12,27300000,,,,
 C I*,1194.2295,0.00176,12,8230000,,,,
 C I*,1194.301,0.00164,12,4590000,,,,
 C I*,1194.4055,0.00319,12,44700000,,,,
 S III*,1194.449,0.00577,32,65100000,,,,
 C I**,1194.4885,0.00212,12,7070000,,,,
 SiII*,1194.5002,0.73,28,4100000000,,,,
 C I**,1194.6146,0.0023,12,17900000,,,,
 C I**,1194.6862,0.000000364,12,1700,,,,
 MnII,1197.184,0.217,55,784000000,,,,
 SiII*,1197.3938,0.146,28,4090000000,,,,
 C I*,1197.875,3.83E-09,12,10.7,,,,
 C I**,1198.2625,0.0000098,12,45500,,,,
 CoII*,1198.407,0.00631,59,41000000,,,,
 CoII,1199.061,0.000278,59,1290000,,,,
 S V,1199.134,0.000105,32,163000,,,,
 FeII977,1199.289,4.46E-08,56,10000000,,,,
 MnII,1199.391,0.169,55,785000000,,,,
 N I,1199.5496,0.13,14,401000000,,,,
 N I,1200.2233,0.0862,14,399000000,,,,
 FeII,1200.4045,8.05E-11,56,0.466,,,,
 N I,1200.7098,0.043,14,398000000,,,,
 S III**,1200.9659,0.0193,32,63700000,,,,
 CoII*,1200.972,0.00042,59,1940000,,,,
 MnII,1201.118,0.121,55,785000000,,,,
 ClI*,1201.3524,0.0835,35,219000000,,,,
 S III**,1201.726,0.00344,32,64500000,,,,
 CoII*,1202.069,0.000286,59,1030000,,,,
 S III**,1202.1219,0.000229,32,65100000,,,,
 TiIII,1203.124,0.0000123,48,40500,,,,
 CoII,1203.217,0.0000322,59,191000,,,,
 MnII,1203.79,0.000154,55,993000,,,,
 S I,1205.564,0.000000001,32,100000000,,,,
 MnII,1205.749,0.0000573,55,263000,,,,
 TiIII*,1205.807,0.0000618,48,283000,,,,
 MnII,1206.014,0.0000811,55,521000,,,,
 CoII*,1206.1,0.00298,59,13700000,,,,
 SiIII,1206.5,1.67,28,2550000000,,,,
 S I,1206.996,0.000000001,32,100000000,,,,
 S I,1207.015,0.000000001,32,100000000,,,,
 FeIII,1207.049,0.00000419,56,19200,,,,
 MnII,1207.281,0.000000931,55,3310,,,,
 CoII**,1207.405,0.00678,59,51700000,,,,
 CoII**,1207.769,0.00129,59,5920000,,,,
 MnII,1208.674,0.000143,55,915000,,,,
 S I,1208.824,0.000000001,32,100000000,,,,
 S I,1208.851,0.000000001,32,100000000,,,,
 MnII,1209.006,0.000553,55,2520000,,,,
 TiIII**,1209.241,0.000146,48,857000,,,,
 CoII**,1210.374,0.000000001,59,100000000,,,,
 MnII,1210.576,0.000942,55,3330000,,,,
 S I,1211.176,0.000000001,32,100000000,,,,
 S I,1211.187,0.000000001,32,100000000,,,,
 S I,1211.212,0.000000001,32,100000000,,,,
 CoII*,1212.884,0.000000001,59,100000000,,,,
 MnII,1213.3051,4.73E-08,55,214,,,,
 FeIII*,1213.432,0.00000105,56,3690,,,,
 MnII,1213.776,0.000000863,55,3910,,,,
 S I,1214.2813,0.000000001,32,100000000,,,,
 S I,1214.2944,0.000000001,32,100000000,,,,
 S I,1214.3177,0.000000001,32,100000000,,,,
 FeIII,1214.562,0.000239,56,1390000,,,,
 D I,1215.3376,0.278,2,627000000,,,,
 D I,1215.343,0.139,2,627000000,,,,
 CoII**,1215.583,0.000478,59,1540000,,,,
 H I,1215.6683,0.278,1,626000000,,,,
 H I,1215.6737,0.139,1,626000000,,,,
 CoII*,1217.137,0.000187,59,840000,,,,
 P I,1217.843,0.00658,31,19700000,,,,
 MnII,1218.0291,0.00000151,55,5280,,,,
 O V,1218.344,0.00000152,16,2280,,,,
 P I,1218.385,0.000000001,31,100000000,,,,
 S I,1218.5133,0.000000001,32,100000000,,,,
 S I,1218.5699,0.000000001,32,100000000,,,,
 S I,1218.5953,0.000000001,32,100000000,,,,
 MnII,1218.704,0.00000997,55,62700,,,,
 MnII,1218.745,0.000031,55,139000,,,,
 MnII,1219.604,0.000147,55,512000,,,,
 FeIII*,1221.025,0.0000599,56,268000,,,,
 S I,1224.4709,0.000148,32,1100000,,,,
 S I,1224.5056,0.00219,32,9760000,,,,
 S I,1224.5439,0.0123,32,39200000,,,,
 FeIII**,1225.5551,0.00000946,56,30000,,,,
 FeIII*,1226,0.0000874,56,543000,,,,
 P I,1226.7419,0.00643,31,57000000,,,,
 CoII**,1226.795,0.000000001,59,100000000,,,,
 GeIV,1229.84,0.256,73,1130000000,,,,
 P I,1230.356,0.000000001,31,100000000,,,,
 S I*,1230.438,0.00374,32,16500000,,,,
 S I*,1230.4731,0.011,32,29200000,,,,
 FeIII**,1230.567,0.0000674,56,297000,,,,
 S I**,1233.1324,0.0148,32,21600000,,,,
 S I,1233.2787,0.000235,32,1720000,,,,
 S I,1233.3124,0.00356,32,15600000,,,,
 S I,1233.3455,0.02,32,62600000,,,,
 FeIII***,1233.505,0.0000265,56,69700,,,,
 TiIII,1234.1949,0.0000422,48,185000,,,,
 TiIII,1235.495,0.000167,48,1210000,,,,
 TiIII*,1237.0179,0.000206,48,1260000,,,,
 GeII,1237.059,0.876,73,1910000000,,,,
 N V,1238.821,0.5,14,339000000,,,,
 S I*,1239.3322,0.00593,32,25700000,,,,
 S I*,1239.3662,0.0175,32,45600000,,,,
 MgII,1239.9253,0.000632,24,1370000,,,,
 MgII,1240.3947,0.000356,24,1540000,,,,
 S I,1241.905,0.000000001,32,100000000,,,,
 S I**,1242.0658,0.0234,32,33800000,,,,
 N V,1242.804,0.5,14,336000000,,,,
 S I,1247.1067,0.000381,32,2720000,,,,
 S I,1247.1342,0.00577,32,24700000,,,,
 S I,1247.1602,0.0324,32,99400000,,,,
 S II,1250.584,0.00543,32,46300000,,,,
 NiII,1252.771,0.000417,59,1330000,,,,
 S I*,1253.297,0.00961,32,40800000,,,,
 S I*,1253.3248,0.029,32,74000000,,,,
 S II,1253.811,0.0109,32,46200000,,,,
 SiI,1255.272,0.22,28,311000000,,,,
 S I**,1256.0927,0.038,32,53600000,,,,
 SiI*,1256.488,0.22,28,929000000,,,,
 SiI**,1258.798,0.22,28,1540000000,,,,
 S II,1259.519,0.0166,32,46500000,,,,
 SiII,1260.4221,1.18,28,2980000000,,,,
 FeII,1260.533,0.0242,56,127000000,,,,
 C I,1260.7351,0.038,12,53200000,,,,
 C I*,1260.9261,0.0135,12,170000000,,,,
 C I*,1260.9961,0.0105,12,44200000,,,,
 C I*,1261.1224,0.0147,12,37100000,,,,
 C I**,1261.4255,0.0101,12,70600000,,,,
 C I**,1261.5519,0.0303,12,127000000,,,,
 GeII*,1261.9053,0.773,73,2160000000,,,,
 S I,1262.8599,0.000000001,32,100000000,,,,
 GeII*,1264.7096,0.0857,73,357000000,,,,
 SiII*,1264.7377,1.06,28,2950000000,,,,
 SiII*,1265.002,0.118,28,2980000000,,,,
 FeII*,1266.677,0.00899,56,37400000,,,,
 FeII*,1267.422,0.0169,56,93400000,,,,
 S I*,1269.208,0.000000001,32,100000000,,,,
 C I,1270.1432,0.000276,12,381000,,,,
 C I*,1270.4081,0.0000654,12,172000000,,,,
 S I,1270.7686,0.000662,32,4560000,,,,
 S I,1270.7804,0.0551,32,163000000,,,,
 S I,1270.7874,0.01,32,41400000,,,,
 C I**,1270.844,0.00000106,12,172000000,,,,
 FeII**,1271.2321,0.00204,56,6320000,,,,
 FeII**,1271.983,0.0165,56,67900000,,,,
 S I**,1272.0751,0.000000001,32,100000000,,,,
 FeII**,1272.613,0.00527,56,32600000,,,,
 FeII**,1272.6545,0.00348,56,21500000,,,,
 C I**,1274.109,0.000351,12,1030000,,,,
 FeII***,1275.144,0.00824,56,22500000,,,,
 FeII***,1275.778,0.012,56,49000000,,,,
 FeII***,1275.8196,0.00791,56,32400000,,,,
 C I,1276.4822,0.00449,12,6130000,,,,
 C I*,1276.7498,0.00252,12,10300000,,,,
 C I**,1277.1899,0.000273,12,1860000,,,,
 S I*,1277.1967,0.0167,32,68300000,,,,
 S I*,1277.2156,0.0493,32,121000000,,,,
 C I,1277.2452,0.0932,12,127000000,,,,
 C I*,1277.2827,0.0705,12,173000000,,,,
 S I,1277.3278,0.0000178,32,121000,,,,
 C I*,1277.5131,0.0223,12,91200000,,,,
 C I**,1277.55,0.0791,12,231000000,,,,
 FeIIer,1277.6429,0.0173,56,35400000,,,,
 FeIIer,1277.6851,0.0115,56,23400000,,,,
 C I**,1277.7233,0.0155,12,63500000,,,,
 C I**,1277.9539,0.000817,12,5560000,,,,
 C I*,1279.0562,0.000736,12,1800000,,,,
 C I**,1279.229,0.00378,12,11000000,,,,
 C I**,1279.498,0.000199,12,810000,,,,
 C I*,1279.8907,0.0126,12,30800000,,,,
 S I**,1280.1001,0.0661,32,89600000,,,,
 C I,1280.1353,0.0229,12,31100000,,,,
 C I**,1280.3331,0.0142,12,57700000,,,,
 C I*,1280.4043,0.00425,12,17300000,,,,
 C I*,1280.5975,0.00674,12,82200000,,,,
 C I**,1280.847,0.00491,12,33300000,,,,
 FeII***,1282.3907,0.000000001,56,100000000,,,,
 TiIII*,1282.484,0.00476,48,15000000,,,,
 P I,1282.62,0.000000001,31,100000000,,,,
 S I*,1283.8225,1.92E-08,32,77.6,,,,
 P I,1283.881,0.00847,31,34300000,,,,
 FeIIer,1284.2756,0.000000001,56,100000000,,,,
 TiIII,1286.233,0.000991,48,2850000,,,,
 TiIII**,1286.369,0.0553,48,223000000,,,,
 P I,1286.444,0.00791,31,21200000,,,,
 S I**,1286.7562,0.00000129,32,1730,,,,
 C I*,1287.6075,0.000000001,12,100000000,,,,
 C I**,1288.0553,0.0000141,12,59900000,,,,
 TiIII*,1289.299,0.00211,48,8460000,,,,
 P II*,1289.569,0.000341,31,821000,,,,
 TiIII,1291.582,0.00604,48,17300000,,,,
 TiIII,1291.625,0.0000303,48,121000,,,,
 TiIII**,1293.225,0.0928,48,476000000,,,,
 P II**,1294.6479,0.000244,31,970000,,,,
 TiIII*,1294.674,0.0598,48,238000000,,,,
 TiIII*,1294.717,0.0937,48,522000000,,,,
 S I,1295.6531,0.123,32,490000000,,,,
 TiIII,1295.884,0.0668,48,265000000,,,,
 S I,1296.174,0.0408,32,270000000,,,,
 TiIII**,1298.6331,0.0246,48,125000000,,,,
 TiIII,1298.697,0.0951,48,627000000,,,,
 TiIII*,1298.996,0.0118,48,65500000,,,,
 P II,1301.8743,0.0127,31,48200000,,,,
 O I,1302.1685,0.0519,16,611000000,,,,
 S I*,1302.3361,0.0763,32,180000000,,,,
 S I*,1302.8623,0.0407,32,160000000,,,,
 S I*,1303.1105,0.056,32,660000000,,,,
 S I,1303.4301,0.0291,32,190000000,,,,
 SiII,1304.3702,0.0917,28,1070000000,,,,
 P II*,1304.4917,0.0045,31,52900000,,,,
 P II*,1304.6752,0.00339,31,48200000,,,,
 O I*,1304.8575,0.0518,16,611000000,,,,
 P II*,1305.4973,0.00447,31,43300000,,,,
 S I**,1305.8837,0.184,32,240000000,,,,
 O I**,1306.0286,0.0518,16,611000000,,,,
 NiII,1308.866,0.00541,59,21000000,,,,
 SiII*,1309.2758,0.0913,28,1070000000,,,,
 P II**,1309.8741,0.00281,31,48200000,,,,
 S I*,1310.1937,0.0289,32,112000000,,,,
 P II**,1310.7029,0.00845,31,43300000,,,,
 S I**,1313.2491,0.0289,32,37200000,,,,
 P I,1314.994,0.0144,31,37000000,,,,
 S I,1316.5425,0.0345,32,94700000,,,,
 S I,1316.615,0.00615,32,23700000,,,,
 S I,1316.6219,0.000411,32,2630000,,,,
 P I,1316.665,0.000000001,31,100000000,,,,
 NiII,1317.217,0.146,59,420000000,,,,
 P I,1318.684,0.00705,31,18000000,,,,
 P I,1319.022,0.00658,31,50400000,,,,
 P I,1321.421,0.0006,31,2290000,,,,
 S I*,1323.5165,0.0306,32,69900000,,,,
 S I*,1323.5236,0.0102,32,38900000,,,,
 S I**,1326.6416,0.0407,32,51400000,,,,
 C13I,1328.825,0.0631,13,79500000,,,,
 C I,1328.8333,0.0631,12,79500000,,,,
 C13I*,1329.079,0.0213,13,241000000,,,,
 C I*,1329.085,0.0213,12,241000000,,,,
 C13I*,1329.094,0.026,13,58900000,,,,
 C I*,1329.1003,0.026,12,58900000,,,,
 C13I*,1329.115,0.016,13,60400000,,,,
 C I*,1329.1233,0.016,12,60400000,,,,
 C13I**,1329.5699,0.0474,13,179000000,,,,
 C I**,1329.5775,0.0474,12,179000000,,,,
 C13I**,1329.592,0.0159,13,100000000,,,,
 C I**,1329.6003,0.0159,12,100000000,,,,
 TiIII,1329.819,0.00281,48,10600000,,,,
 TiIII*,1333.097,0.0000139,48,73200,,,,
 C II,1334.532,0.128,12,288000000,,,,
 C13II,1334.561,0.127,13,285000000,,,,
 P III,1334.8132,0.0282,31,63200000,,,,
 NiII*,1335.201,0.163,59,407000000,,,,
 C13II*,1335.649,0.114,13,285000000,,,,
 C II*,1335.663,0.0128,12,288000000,,,,
 C13II*,1335.692,0.0127,13,285000000,,,,
 C II*,1335.708,0.115,12,288000000,,,,
 ClI,1335.7258,0.0299,35,647000000,,,,
 CaII,1341.89,0.00199,40,3690000,,,,
 CaII,1342.554,0.00112,40,4150000,,,,
 P III*,1344.326,0.0252,31,62100000,,,,
 CoII,1344.5,0.000146,59,441000,,,,
 P III*,1344.8505,0.0028,31,63200000,,,,
 NiII,1345.8781,0.00642,59,35500000,,,,
 ClI,1347.2396,0.153,35,662000000,,,,
 ClI*,1351.6561,0.116,35,647000000,,,,
 F IV*,1351.923,0.00000128,19,3600,,,,
 O I,1355.5977,0.00000116,16,5560,,,,
 O I*,1358.5123,0.000000627,16,5560,,,,
 CuII,1358.7729,0.38,64,947000000,,,,
 F IV**,1359.052,0.000000221,19,3600,,,,
 B11II,1362.46,0.998,11,1190000000,,,,
 B II,1362.463,0.998,11,1190000000,,,,
 B10II,1362.473,0.998,10,1190000000,,,,
 ClI*,1363.4474,0.055,35,662000000,,,,
 CoII,1367.106,0.0000812,59,290000,,,,
 CuII,1367.9509,0.0332,64,39400000,,,,
 FeII,1369.5601,0.000000106,56,472,,,,
 NiII,1370.132,0.131,59,698000000,,,,
 P I,1372.027,0.000137,31,325000,,,,
 ClI,1373.1165,0.0000461,35,2660000,,,,
 P I,1373.4905,0.0134,31,31600000,,,,
 P I,1374.7252,0.0000194,31,68500,,,,
 FeII,1376.4269,0.000000123,56,541,,,,
 P I,1377.073,0.0173,31,122000000,,,,
 P I,1377.9343,0.00995,31,35000000,,,,
 CoII,1378.6379,0.000339,59,1530000,,,,
 B I,1378.6541,0.2,11,350000000,,,,
 B I,1378.875,0.399,11,1400000000,,,,
 B I*,1378.944,0.499,11,1750000000,,,,
 B I*,1379.165,0.0998,11,700000000,,,,
 P I,1379.4282,0.0425,31,149000000,,,,
 ClI,1379.528,0.00275,35,10800000,,,,
 NiII*,1381.286,0.115,59,806000000,,,,
 P I,1381.476,0.0791,31,184000000,,,,
 S I,1381.5527,0.0000927,32,540000,,,,
 P I,1381.6353,0.00534,31,37400000,,,,
 NiII,1381.6851,0.00508,59,26600000,,,,
 MnII,1382.988,6.77E-09,55,33.1,,,,
 MnII,1384.127,1.33E-08,55,46.2,,,,
 S I*,1385.5103,0.000125,32,1300000,,,,
 S I,1388.4358,0.000159,32,550000,,,,
 MnII,1388.676,0.00000213,55,5720,,,,
 S I*,1389.1537,0.0000492,32,170000,,,,
 ClI,1389.6925,0.00013,35,299000,,,,
 ClI*,1389.9567,0.000676,35,2660000,,,,
 S I**,1392.5892,0.000454,32,520000,,,,
 NiII,1393.324,0.0222,59,76400000,,,,
 SiIV,1393.755,0.514,28,882000000,,,,
 BeI,1393.804,0.00021,9,240000,,,,
 CoII,1394.6379,0.000112,59,313000,,,,
 S I*,1396.113,0.000278,32,570000,,,,
 ClI*,1396.5269,0.000658,35,10800000,,,,
 O IV,1397.2321,2.25E-08,16,332,,,,
 S IV,1398.04,0.000000082,32,19600,,,,
 NiII*,1399.0179,0.0145,59,49400000,,,,
 O IV,1399.78,0.000000432,16,2900,,,,
 MnII,1400.7469,0.00000308,55,10500,,,,
 O IV*,1401.157,0.000000517,16,1170,,,,
 S I,1401.5142,0.0161,32,91000000,,,,
 MnII,1402.0601,0.00000171,55,8120,,,,
 SiIV,1402.77,0.255,28,866000000,,,,
 ZnI,1404.1193,0.0113,65,12700000,,,,
 O IV*,1404.806,0.000000087,16,332,,,,
 S IV,1404.808,0.0000163,32,88900,,,,
 S IV*,1406.016,0.0000176,32,39500,,,,
 O IV*,1407.382,0.000000212,16,2900,,,,
 S I*,1409.3372,0.0149,32,50000000,,,,
 NiII*,1411.0649,0.0628,59,210000000,,,,
 NiII,1412.866,0.00665,59,16700000,,,,
 S I**,1412.8732,0.0144,32,16000000,,,,
 NiII,1414.292,0.0024,59,12000000,,,,
 S I,1414.3713,0.000000001,32,100000000,,,,
 GaII,1414.402,1.8,70,2000000000,,,,
 NiII,1415.72,0.00413,59,13700000,,,,
 S IV*,1416.887,0.00000587,32,19600,,,,
 ClIV*,1418.9,0.00000428,35,31200,,,,
 CoII,1419.287,0.000326,59,1390000,,,,
 S I*,1422.3387,0.000000001,32,100000000,,,,
 NiII*,1423.2061,0.00826,59,18100000,,,,
 S IV*,1423.839,0.00000515,32,88900,,,,
 CoII,1424.7791,0.0176,59,57700000,,,,
 S I,1425.0299,0.192,32,450000000,,,,
 S I,1425.1877,0.0365,32,120000000,,,,
 S I,1425.2189,0.00238,32,13000000,,,,
 BeI,1426.1169,0.0000808,9,88300,,,,
 P I,1430.1149,0.000262,31,569000,,,,
 P I,1430.7317,0.00000809,31,26400,,,,
 P I,1431.0649,0.0000233,31,152000,,,,
 S I*,1433.278,0.169,32,330000000,,,,
 S I*,1433.3094,0.0585,32,190000000,,,,
 ClIV**,1436.2,0.00000702,35,31200,,,,
 S I**,1436.967,0.223,32,240000000,,,,
 CoII,1441.823,0.000000855,59,3530,,,,
 S I,1444.296,0.000813,32,2600000,,,,
 CoII,1448.011,0.0452,59,185000000,,,,
 NiII,1449.9969,0.00353,59,16800000,,,,
